==========================================================================================================================================================================================================================
== CST Matrix Calculation Priority Log                                                                                                                                                                                  ==
==========================================================================================================================================================================================================================
 
Priorities are sorted in ascending order beginning with the lowest priority
 
Priority-group:   1, shape 770: </cst/Boundaries/> Low^X,   material: $NFSMaterial$,  user-priority: 0,  material-attributes: normal.vacuum,  shape-attributes: boundary,   
Priority-group:   1, shape 771: </cst/Boundaries/> Low^Y,   material: $NFSMaterial$,  user-priority: 0,  material-attributes: normal.vacuum,  shape-attributes: boundary,   
Priority-group:   1, shape 772: </cst/Boundaries/> Low^Z,   material: $NFSMaterial$,  user-priority: 0,  material-attributes: normal.vacuum,  shape-attributes: boundary,   
Priority-group:   1, shape 773: </cst/Boundaries/> Up^X,    material: $NFSMaterial$,  user-priority: 0,  material-attributes: normal.vacuum,  shape-attributes: boundary,   
Priority-group:   1, shape 774: </cst/Boundaries/> Up^Y,    material: $NFSMaterial$,  user-priority: 0,  material-attributes: normal.vacuum,  shape-attributes: boundary,   
Priority-group:   1, shape 775: </cst/Boundaries/> Up^Z,    material: $NFSMaterial$,  user-priority: 0,  material-attributes: normal.vacuum,  shape-attributes: boundary,   
Priority-group:   2, shape   1: component1:Dielectric,  material: Arlon AD 250C (lossy),  user-priority: 0,  2D/3D-geometry: true, material-attributes: dispersive-eps.dispersive-mue.normal,   shape-attributes: solid,  
Priority-group:   3, shape   2: component1:solid1,  material: Copper (annealed),  user-priority: 0,  2D/3D-geometry: true, material-attributes: pec.rho.surface-impedance,  shape-attributes: solid,  
Priority-group:   3, shape   3: component1:solid1_1,    material: Copper (annealed),  user-priority: 0,  2D/3D-geometry: true, material-attributes: pec.rho.surface-impedance,  shape-attributes: solid,  
Priority-group:   3, shape   4: component1:solid1_10,   material: Copper (annealed),  user-priority: 0,  2D/3D-geometry: true, material-attributes: pec.rho.surface-impedance,  shape-attributes: solid,  
Priority-group:   3, shape   5: component1:solid1_10_1, material: Copper (annealed),  user-priority: 0,  2D/3D-geometry: true, material-attributes: pec.rho.surface-impedance,  shape-attributes: solid,  
Priority-group:   3, shape   6: component1:solid1_10_10,    material: Copper (annealed),  user-priority: 0,  2D/3D-geometry: true, material-attributes: pec.rho.surface-impedance,  shape-attributes: solid,  
Priority-group:   3, shape   7: component1:solid1_10_11,    material: Copper (annealed),  user-priority: 0,  2D/3D-geometry: true, material-attributes: pec.rho.surface-impedance,  shape-attributes: solid,  
Priority-group:   3, shape   8: component1:solid1_10_12,    material: Copper (annealed),  user-priority: 0,  2D/3D-geometry: true, material-attributes: pec.rho.surface-impedance,  shape-attributes: solid,  
Priority-group:   3, shape   9: component1:solid1_10_13,    material: Copper (annealed),  user-priority: 0,  2D/3D-geometry: true, material-attributes: pec.rho.surface-impedance,  shape-attributes: solid,  
Priority-group:   3, shape  10: component1:solid1_10_14,    material: Copper (annealed),  user-priority: 0,  2D/3D-geometry: true, material-attributes: pec.rho.surface-impedance,  shape-attributes: solid,  
Priority-group:   3, shape  11: component1:solid1_10_15,    material: Copper (annealed),  user-priority: 0,  2D/3D-geometry: true, material-attributes: pec.rho.surface-impedance,  shape-attributes: solid,  
Priority-group:   3, shape  12: component1:solid1_10_2, material: Copper (annealed),  user-priority: 0,  2D/3D-geometry: true, material-attributes: pec.rho.surface-impedance,  shape-attributes: solid,  
Priority-group:   3, shape  13: component1:solid1_10_3, material: Copper (annealed),  user-priority: 0,  2D/3D-geometry: true, material-attributes: pec.rho.surface-impedance,  shape-attributes: solid,  
Priority-group:   3, shape  14: component1:solid1_10_4, material: Copper (annealed),  user-priority: 0,  2D/3D-geometry: true, material-attributes: pec.rho.surface-impedance,  shape-attributes: solid,  
Priority-group:   3, shape  15: component1:solid1_10_5, material: Copper (annealed),  user-priority: 0,  2D/3D-geometry: true, material-attributes: pec.rho.surface-impedance,  shape-attributes: solid,  
Priority-group:   3, shape  16: component1:solid1_10_6, material: Copper (annealed),  user-priority: 0,  2D/3D-geometry: true, material-attributes: pec.rho.surface-impedance,  shape-attributes: solid,  
Priority-group:   3, shape  17: component1:solid1_10_7, material: Copper (annealed),  user-priority: 0,  2D/3D-geometry: true, material-attributes: pec.rho.surface-impedance,  shape-attributes: solid,  
Priority-group:   3, shape  18: component1:solid1_10_8, material: Copper (annealed),  user-priority: 0,  2D/3D-geometry: true, material-attributes: pec.rho.surface-impedance,  shape-attributes: solid,  
Priority-group:   3, shape  19: component1:solid1_10_9, material: Copper (annealed),  user-priority: 0,  2D/3D-geometry: true, material-attributes: pec.rho.surface-impedance,  shape-attributes: solid,  
Priority-group:   3, shape  20: component1:solid1_11,   material: Copper (annealed),  user-priority: 0,  2D/3D-geometry: true, material-attributes: pec.rho.surface-impedance,  shape-attributes: solid,  
Priority-group:   3, shape  21: component1:solid1_11_1, material: Copper (annealed),  user-priority: 0,  2D/3D-geometry: true, material-attributes: pec.rho.surface-impedance,  shape-attributes: solid,  
Priority-group:   3, shape  22: component1:solid1_11_10,    material: Copper (annealed),  user-priority: 0,  2D/3D-geometry: true, material-attributes: pec.rho.surface-impedance,  shape-attributes: solid,  
Priority-group:   3, shape  23: component1:solid1_11_11,    material: Copper (annealed),  user-priority: 0,  2D/3D-geometry: true, material-attributes: pec.rho.surface-impedance,  shape-attributes: solid,  
Priority-group:   3, shape  24: component1:solid1_11_12,    material: Copper (annealed),  user-priority: 0,  2D/3D-geometry: true, material-attributes: pec.rho.surface-impedance,  shape-attributes: solid,  
Priority-group:   3, shape  25: component1:solid1_11_13,    material: Copper (annealed),  user-priority: 0,  2D/3D-geometry: true, material-attributes: pec.rho.surface-impedance,  shape-attributes: solid,  
Priority-group:   3, shape  26: component1:solid1_11_14,    material: Copper (annealed),  user-priority: 0,  2D/3D-geometry: true, material-attributes: pec.rho.surface-impedance,  shape-attributes: solid,  
Priority-group:   3, shape  27: component1:solid1_11_15,    material: Copper (annealed),  user-priority: 0,  2D/3D-geometry: true, material-attributes: pec.rho.surface-impedance,  shape-attributes: solid,  
Priority-group:   3, shape  28: component1:solid1_11_2, material: Copper (annealed),  user-priority: 0,  2D/3D-geometry: true, material-attributes: pec.rho.surface-impedance,  shape-attributes: solid,  
Priority-group:   3, shape  29: component1:solid1_11_3, material: Copper (annealed),  user-priority: 0,  2D/3D-geometry: true, material-attributes: pec.rho.surface-impedance,  shape-attributes: solid,  
Priority-group:   3, shape  30: component1:solid1_11_4, material: Copper (annealed),  user-priority: 0,  2D/3D-geometry: true, material-attributes: pec.rho.surface-impedance,  shape-attributes: solid,  
Priority-group:   3, shape  31: component1:solid1_11_5, material: Copper (annealed),  user-priority: 0,  2D/3D-geometry: true, material-attributes: pec.rho.surface-impedance,  shape-attributes: solid,  
Priority-group:   3, shape  32: component1:solid1_11_6, material: Copper (annealed),  user-priority: 0,  2D/3D-geometry: true, material-attributes: pec.rho.surface-impedance,  shape-attributes: solid,  
Priority-group:   3, shape  33: component1:solid1_11_7, material: Copper (annealed),  user-priority: 0,  2D/3D-geometry: true, material-attributes: pec.rho.surface-impedance,  shape-attributes: solid,  
Priority-group:   3, shape  34: component1:solid1_11_8, material: Copper (annealed),  user-priority: 0,  2D/3D-geometry: true, material-attributes: pec.rho.surface-impedance,  shape-attributes: solid,  
Priority-group:   3, shape  35: component1:solid1_11_9, material: Copper (annealed),  user-priority: 0,  2D/3D-geometry: true, material-attributes: pec.rho.surface-impedance,  shape-attributes: solid,  
Priority-group:   3, shape  36: component1:solid1_12,   material: Copper (annealed),  user-priority: 0,  2D/3D-geometry: true, material-attributes: pec.rho.surface-impedance,  shape-attributes: solid,  
Priority-group:   3, shape  37: component1:solid1_12_1, material: Copper (annealed),  user-priority: 0,  2D/3D-geometry: true, material-attributes: pec.rho.surface-impedance,  shape-attributes: solid,  
Priority-group:   3, shape  38: component1:solid1_12_10,    material: Copper (annealed),  user-priority: 0,  2D/3D-geometry: true, material-attributes: pec.rho.surface-impedance,  shape-attributes: solid,  
Priority-group:   3, shape  39: component1:solid1_12_11,    material: Copper (annealed),  user-priority: 0,  2D/3D-geometry: true, material-attributes: pec.rho.surface-impedance,  shape-attributes: solid,  
Priority-group:   3, shape  40: component1:solid1_12_12,    material: Copper (annealed),  user-priority: 0,  2D/3D-geometry: true, material-attributes: pec.rho.surface-impedance,  shape-attributes: solid,  
Priority-group:   3, shape  41: component1:solid1_12_13,    material: Copper (annealed),  user-priority: 0,  2D/3D-geometry: true, material-attributes: pec.rho.surface-impedance,  shape-attributes: solid,  
Priority-group:   3, shape  42: component1:solid1_12_14,    material: Copper (annealed),  user-priority: 0,  2D/3D-geometry: true, material-attributes: pec.rho.surface-impedance,  shape-attributes: solid,  
Priority-group:   3, shape  43: component1:solid1_12_15,    material: Copper (annealed),  user-priority: 0,  2D/3D-geometry: true, material-attributes: pec.rho.surface-impedance,  shape-attributes: solid,  
Priority-group:   3, shape  44: component1:solid1_12_2, material: Copper (annealed),  user-priority: 0,  2D/3D-geometry: true, material-attributes: pec.rho.surface-impedance,  shape-attributes: solid,  
Priority-group:   3, shape  45: component1:solid1_12_3, material: Copper (annealed),  user-priority: 0,  2D/3D-geometry: true, material-attributes: pec.rho.surface-impedance,  shape-attributes: solid,  
Priority-group:   3, shape  46: component1:solid1_12_4, material: Copper (annealed),  user-priority: 0,  2D/3D-geometry: true, material-attributes: pec.rho.surface-impedance,  shape-attributes: solid,  
Priority-group:   3, shape  47: component1:solid1_12_5, material: Copper (annealed),  user-priority: 0,  2D/3D-geometry: true, material-attributes: pec.rho.surface-impedance,  shape-attributes: solid,  
Priority-group:   3, shape  48: component1:solid1_12_6, material: Copper (annealed),  user-priority: 0,  2D/3D-geometry: true, material-attributes: pec.rho.surface-impedance,  shape-attributes: solid,  
Priority-group:   3, shape  49: component1:solid1_12_7, material: Copper (annealed),  user-priority: 0,  2D/3D-geometry: true, material-attributes: pec.rho.surface-impedance,  shape-attributes: solid,  
Priority-group:   3, shape  50: component1:solid1_12_8, material: Copper (annealed),  user-priority: 0,  2D/3D-geometry: true, material-attributes: pec.rho.surface-impedance,  shape-attributes: solid,  
Priority-group:   3, shape  51: component1:solid1_12_9, material: Copper (annealed),  user-priority: 0,  2D/3D-geometry: true, material-attributes: pec.rho.surface-impedance,  shape-attributes: solid,  
Priority-group:   3, shape  52: component1:solid1_13,   material: Copper (annealed),  user-priority: 0,  2D/3D-geometry: true, material-attributes: pec.rho.surface-impedance,  shape-attributes: solid,  
Priority-group:   3, shape  53: component1:solid1_13_1, material: Copper (annealed),  user-priority: 0,  2D/3D-geometry: true, material-attributes: pec.rho.surface-impedance,  shape-attributes: solid,  
Priority-group:   3, shape  54: component1:solid1_13_10,    material: Copper (annealed),  user-priority: 0,  2D/3D-geometry: true, material-attributes: pec.rho.surface-impedance,  shape-attributes: solid,  
Priority-group:   3, shape  55: component1:solid1_13_11,    material: Copper (annealed),  user-priority: 0,  2D/3D-geometry: true, material-attributes: pec.rho.surface-impedance,  shape-attributes: solid,  
Priority-group:   3, shape  56: component1:solid1_13_12,    material: Copper (annealed),  user-priority: 0,  2D/3D-geometry: true, material-attributes: pec.rho.surface-impedance,  shape-attributes: solid,  
Priority-group:   3, shape  57: component1:solid1_13_13,    material: Copper (annealed),  user-priority: 0,  2D/3D-geometry: true, material-attributes: pec.rho.surface-impedance,  shape-attributes: solid,  
Priority-group:   3, shape  58: component1:solid1_13_14,    material: Copper (annealed),  user-priority: 0,  2D/3D-geometry: true, material-attributes: pec.rho.surface-impedance,  shape-attributes: solid,  
Priority-group:   3, shape  59: component1:solid1_13_15,    material: Copper (annealed),  user-priority: 0,  2D/3D-geometry: true, material-attributes: pec.rho.surface-impedance,  shape-attributes: solid,  
Priority-group:   3, shape  60: component1:solid1_13_2, material: Copper (annealed),  user-priority: 0,  2D/3D-geometry: true, material-attributes: pec.rho.surface-impedance,  shape-attributes: solid,  
Priority-group:   3, shape  61: component1:solid1_13_3, material: Copper (annealed),  user-priority: 0,  2D/3D-geometry: true, material-attributes: pec.rho.surface-impedance,  shape-attributes: solid,  
Priority-group:   3, shape  62: component1:solid1_13_4, material: Copper (annealed),  user-priority: 0,  2D/3D-geometry: true, material-attributes: pec.rho.surface-impedance,  shape-attributes: solid,  
Priority-group:   3, shape  63: component1:solid1_13_5, material: Copper (annealed),  user-priority: 0,  2D/3D-geometry: true, material-attributes: pec.rho.surface-impedance,  shape-attributes: solid,  
Priority-group:   3, shape  64: component1:solid1_13_6, material: Copper (annealed),  user-priority: 0,  2D/3D-geometry: true, material-attributes: pec.rho.surface-impedance,  shape-attributes: solid,  
Priority-group:   3, shape  65: component1:solid1_13_7, material: Copper (annealed),  user-priority: 0,  2D/3D-geometry: true, material-attributes: pec.rho.surface-impedance,  shape-attributes: solid,  
Priority-group:   3, shape  66: component1:solid1_13_8, material: Copper (annealed),  user-priority: 0,  2D/3D-geometry: true, material-attributes: pec.rho.surface-impedance,  shape-attributes: solid,  
Priority-group:   3, shape  67: component1:solid1_13_9, material: Copper (annealed),  user-priority: 0,  2D/3D-geometry: true, material-attributes: pec.rho.surface-impedance,  shape-attributes: solid,  
Priority-group:   3, shape  68: component1:solid1_14,   material: Copper (annealed),  user-priority: 0,  2D/3D-geometry: true, material-attributes: pec.rho.surface-impedance,  shape-attributes: solid,  
Priority-group:   3, shape  69: component1:solid1_14_1, material: Copper (annealed),  user-priority: 0,  2D/3D-geometry: true, material-attributes: pec.rho.surface-impedance,  shape-attributes: solid,  
Priority-group:   3, shape  70: component1:solid1_14_10,    material: Copper (annealed),  user-priority: 0,  2D/3D-geometry: true, material-attributes: pec.rho.surface-impedance,  shape-attributes: solid,  
Priority-group:   3, shape  71: component1:solid1_14_11,    material: Copper (annealed),  user-priority: 0,  2D/3D-geometry: true, material-attributes: pec.rho.surface-impedance,  shape-attributes: solid,  
Priority-group:   3, shape  72: component1:solid1_14_12,    material: Copper (annealed),  user-priority: 0,  2D/3D-geometry: true, material-attributes: pec.rho.surface-impedance,  shape-attributes: solid,  
Priority-group:   3, shape  73: component1:solid1_14_13,    material: Copper (annealed),  user-priority: 0,  2D/3D-geometry: true, material-attributes: pec.rho.surface-impedance,  shape-attributes: solid,  
Priority-group:   3, shape  74: component1:solid1_14_14,    material: Copper (annealed),  user-priority: 0,  2D/3D-geometry: true, material-attributes: pec.rho.surface-impedance,  shape-attributes: solid,  
Priority-group:   3, shape  75: component1:solid1_14_15,    material: Copper (annealed),  user-priority: 0,  2D/3D-geometry: true, material-attributes: pec.rho.surface-impedance,  shape-attributes: solid,  
Priority-group:   3, shape  76: component1:solid1_14_2, material: Copper (annealed),  user-priority: 0,  2D/3D-geometry: true, material-attributes: pec.rho.surface-impedance,  shape-attributes: solid,  
Priority-group:   3, shape  77: component1:solid1_14_3, material: Copper (annealed),  user-priority: 0,  2D/3D-geometry: true, material-attributes: pec.rho.surface-impedance,  shape-attributes: solid,  
Priority-group:   3, shape  78: component1:solid1_14_4, material: Copper (annealed),  user-priority: 0,  2D/3D-geometry: true, material-attributes: pec.rho.surface-impedance,  shape-attributes: solid,  
Priority-group:   3, shape  79: component1:solid1_14_5, material: Copper (annealed),  user-priority: 0,  2D/3D-geometry: true, material-attributes: pec.rho.surface-impedance,  shape-attributes: solid,  
Priority-group:   3, shape  80: component1:solid1_14_6, material: Copper (annealed),  user-priority: 0,  2D/3D-geometry: true, material-attributes: pec.rho.surface-impedance,  shape-attributes: solid,  
Priority-group:   3, shape  81: component1:solid1_14_7, material: Copper (annealed),  user-priority: 0,  2D/3D-geometry: true, material-attributes: pec.rho.surface-impedance,  shape-attributes: solid,  
Priority-group:   3, shape  82: component1:solid1_14_8, material: Copper (annealed),  user-priority: 0,  2D/3D-geometry: true, material-attributes: pec.rho.surface-impedance,  shape-attributes: solid,  
Priority-group:   3, shape  83: component1:solid1_14_9, material: Copper (annealed),  user-priority: 0,  2D/3D-geometry: true, material-attributes: pec.rho.surface-impedance,  shape-attributes: solid,  
Priority-group:   3, shape  84: component1:solid1_15,   material: Copper (annealed),  user-priority: 0,  2D/3D-geometry: true, material-attributes: pec.rho.surface-impedance,  shape-attributes: solid,  
Priority-group:   3, shape  85: component1:solid1_15_1, material: Copper (annealed),  user-priority: 0,  2D/3D-geometry: true, material-attributes: pec.rho.surface-impedance,  shape-attributes: solid,  
Priority-group:   3, shape  86: component1:solid1_15_10,    material: Copper (annealed),  user-priority: 0,  2D/3D-geometry: true, material-attributes: pec.rho.surface-impedance,  shape-attributes: solid,  
Priority-group:   3, shape  87: component1:solid1_15_11,    material: Copper (annealed),  user-priority: 0,  2D/3D-geometry: true, material-attributes: pec.rho.surface-impedance,  shape-attributes: solid,  
Priority-group:   3, shape  88: component1:solid1_15_12,    material: Copper (annealed),  user-priority: 0,  2D/3D-geometry: true, material-attributes: pec.rho.surface-impedance,  shape-attributes: solid,  
Priority-group:   3, shape  89: component1:solid1_15_13,    material: Copper (annealed),  user-priority: 0,  2D/3D-geometry: true, material-attributes: pec.rho.surface-impedance,  shape-attributes: solid,  
Priority-group:   3, shape  90: component1:solid1_15_14,    material: Copper (annealed),  user-priority: 0,  2D/3D-geometry: true, material-attributes: pec.rho.surface-impedance,  shape-attributes: solid,  
Priority-group:   3, shape  91: component1:solid1_15_15,    material: Copper (annealed),  user-priority: 0,  2D/3D-geometry: true, material-attributes: pec.rho.surface-impedance,  shape-attributes: solid,  
Priority-group:   3, shape  92: component1:solid1_15_2, material: Copper (annealed),  user-priority: 0,  2D/3D-geometry: true, material-attributes: pec.rho.surface-impedance,  shape-attributes: solid,  
Priority-group:   3, shape  93: component1:solid1_15_3, material: Copper (annealed),  user-priority: 0,  2D/3D-geometry: true, material-attributes: pec.rho.surface-impedance,  shape-attributes: solid,  
Priority-group:   3, shape  94: component1:solid1_15_4, material: Copper (annealed),  user-priority: 0,  2D/3D-geometry: true, material-attributes: pec.rho.surface-impedance,  shape-attributes: solid,  
Priority-group:   3, shape  95: component1:solid1_15_5, material: Copper (annealed),  user-priority: 0,  2D/3D-geometry: true, material-attributes: pec.rho.surface-impedance,  shape-attributes: solid,  
Priority-group:   3, shape  96: component1:solid1_15_6, material: Copper (annealed),  user-priority: 0,  2D/3D-geometry: true, material-attributes: pec.rho.surface-impedance,  shape-attributes: solid,  
Priority-group:   3, shape  97: component1:solid1_15_7, material: Copper (annealed),  user-priority: 0,  2D/3D-geometry: true, material-attributes: pec.rho.surface-impedance,  shape-attributes: solid,  
Priority-group:   3, shape  98: component1:solid1_15_8, material: Copper (annealed),  user-priority: 0,  2D/3D-geometry: true, material-attributes: pec.rho.surface-impedance,  shape-attributes: solid,  
Priority-group:   3, shape  99: component1:solid1_15_9, material: Copper (annealed),  user-priority: 0,  2D/3D-geometry: true, material-attributes: pec.rho.surface-impedance,  shape-attributes: solid,  
Priority-group:   3, shape 100: component1:solid1_16,   material: Copper (annealed),  user-priority: 0,  2D/3D-geometry: true, material-attributes: pec.rho.surface-impedance,  shape-attributes: solid,  
Priority-group:   3, shape 101: component1:solid1_17,   material: Copper (annealed),  user-priority: 0,  2D/3D-geometry: true, material-attributes: pec.rho.surface-impedance,  shape-attributes: solid,  
Priority-group:   3, shape 102: component1:solid1_18,   material: Copper (annealed),  user-priority: 0,  2D/3D-geometry: true, material-attributes: pec.rho.surface-impedance,  shape-attributes: solid,  
Priority-group:   3, shape 103: component1:solid1_19,   material: Copper (annealed),  user-priority: 0,  2D/3D-geometry: true, material-attributes: pec.rho.surface-impedance,  shape-attributes: solid,  
Priority-group:   3, shape 104: component1:solid1_1_1,  material: Copper (annealed),  user-priority: 0,  2D/3D-geometry: true, material-attributes: pec.rho.surface-impedance,  shape-attributes: solid,  
Priority-group:   3, shape 105: component1:solid1_1_10, material: Copper (annealed),  user-priority: 0,  2D/3D-geometry: true, material-attributes: pec.rho.surface-impedance,  shape-attributes: solid,  
Priority-group:   3, shape 106: component1:solid1_1_11, material: Copper (annealed),  user-priority: 0,  2D/3D-geometry: true, material-attributes: pec.rho.surface-impedance,  shape-attributes: solid,  
Priority-group:   3, shape 107: component1:solid1_1_12, material: Copper (annealed),  user-priority: 0,  2D/3D-geometry: true, material-attributes: pec.rho.surface-impedance,  shape-attributes: solid,  
Priority-group:   3, shape 108: component1:solid1_1_13, material: Copper (annealed),  user-priority: 0,  2D/3D-geometry: true, material-attributes: pec.rho.surface-impedance,  shape-attributes: solid,  
Priority-group:   3, shape 109: component1:solid1_1_14, material: Copper (annealed),  user-priority: 0,  2D/3D-geometry: true, material-attributes: pec.rho.surface-impedance,  shape-attributes: solid,  
Priority-group:   3, shape 110: component1:solid1_1_15, material: Copper (annealed),  user-priority: 0,  2D/3D-geometry: true, material-attributes: pec.rho.surface-impedance,  shape-attributes: solid,  
Priority-group:   3, shape 111: component1:solid1_1_2,  material: Copper (annealed),  user-priority: 0,  2D/3D-geometry: true, material-attributes: pec.rho.surface-impedance,  shape-attributes: solid,  
Priority-group:   3, shape 112: component1:solid1_1_3,  material: Copper (annealed),  user-priority: 0,  2D/3D-geometry: true, material-attributes: pec.rho.surface-impedance,  shape-attributes: solid,  
Priority-group:   3, shape 113: component1:solid1_1_4,  material: Copper (annealed),  user-priority: 0,  2D/3D-geometry: true, material-attributes: pec.rho.surface-impedance,  shape-attributes: solid,  
Priority-group:   3, shape 114: component1:solid1_1_5,  material: Copper (annealed),  user-priority: 0,  2D/3D-geometry: true, material-attributes: pec.rho.surface-impedance,  shape-attributes: solid,  
Priority-group:   3, shape 115: component1:solid1_1_6,  material: Copper (annealed),  user-priority: 0,  2D/3D-geometry: true, material-attributes: pec.rho.surface-impedance,  shape-attributes: solid,  
Priority-group:   3, shape 116: component1:solid1_1_7,  material: Copper (annealed),  user-priority: 0,  2D/3D-geometry: true, material-attributes: pec.rho.surface-impedance,  shape-attributes: solid,  
Priority-group:   3, shape 117: component1:solid1_1_8,  material: Copper (annealed),  user-priority: 0,  2D/3D-geometry: true, material-attributes: pec.rho.surface-impedance,  shape-attributes: solid,  
Priority-group:   3, shape 118: component1:solid1_1_9,  material: Copper (annealed),  user-priority: 0,  2D/3D-geometry: true, material-attributes: pec.rho.surface-impedance,  shape-attributes: solid,  
Priority-group:   3, shape 119: component1:solid1_2,    material: Copper (annealed),  user-priority: 0,  2D/3D-geometry: true, material-attributes: pec.rho.surface-impedance,  shape-attributes: solid,  
Priority-group:   3, shape 120: component1:solid1_20,   material: Copper (annealed),  user-priority: 0,  2D/3D-geometry: true, material-attributes: pec.rho.surface-impedance,  shape-attributes: solid,  
Priority-group:   3, shape 121: component1:solid1_21,   material: Copper (annealed),  user-priority: 0,  2D/3D-geometry: true, material-attributes: pec.rho.surface-impedance,  shape-attributes: solid,  
Priority-group:   3, shape 122: component1:solid1_22,   material: Copper (annealed),  user-priority: 0,  2D/3D-geometry: true, material-attributes: pec.rho.surface-impedance,  shape-attributes: solid,  
Priority-group:   3, shape 123: component1:solid1_23,   material: Copper (annealed),  user-priority: 0,  2D/3D-geometry: true, material-attributes: pec.rho.surface-impedance,  shape-attributes: solid,  
Priority-group:   3, shape 124: component1:solid1_24,   material: Copper (annealed),  user-priority: 0,  2D/3D-geometry: true, material-attributes: pec.rho.surface-impedance,  shape-attributes: solid,  
Priority-group:   3, shape 125: component1:solid1_25,   material: Copper (annealed),  user-priority: 0,  2D/3D-geometry: true, material-attributes: pec.rho.surface-impedance,  shape-attributes: solid,  
Priority-group:   3, shape 126: component1:solid1_26,   material: Copper (annealed),  user-priority: 0,  2D/3D-geometry: true, material-attributes: pec.rho.surface-impedance,  shape-attributes: solid,  
Priority-group:   3, shape 127: component1:solid1_27,   material: Copper (annealed),  user-priority: 0,  2D/3D-geometry: true, material-attributes: pec.rho.surface-impedance,  shape-attributes: solid,  
Priority-group:   3, shape 128: component1:solid1_28,   material: Copper (annealed),  user-priority: 0,  2D/3D-geometry: true, material-attributes: pec.rho.surface-impedance,  shape-attributes: solid,  
Priority-group:   3, shape 129: component1:solid1_29,   material: Copper (annealed),  user-priority: 0,  2D/3D-geometry: true, material-attributes: pec.rho.surface-impedance,  shape-attributes: solid,  
Priority-group:   3, shape 130: component1:solid1_2_1,  material: Copper (annealed),  user-priority: 0,  2D/3D-geometry: true, material-attributes: pec.rho.surface-impedance,  shape-attributes: solid,  
Priority-group:   3, shape 131: component1:solid1_2_10, material: Copper (annealed),  user-priority: 0,  2D/3D-geometry: true, material-attributes: pec.rho.surface-impedance,  shape-attributes: solid,  
Priority-group:   3, shape 132: component1:solid1_2_11, material: Copper (annealed),  user-priority: 0,  2D/3D-geometry: true, material-attributes: pec.rho.surface-impedance,  shape-attributes: solid,  
Priority-group:   3, shape 133: component1:solid1_2_12, material: Copper (annealed),  user-priority: 0,  2D/3D-geometry: true, material-attributes: pec.rho.surface-impedance,  shape-attributes: solid,  
Priority-group:   3, shape 134: component1:solid1_2_13, material: Copper (annealed),  user-priority: 0,  2D/3D-geometry: true, material-attributes: pec.rho.surface-impedance,  shape-attributes: solid,  
Priority-group:   3, shape 135: component1:solid1_2_14, material: Copper (annealed),  user-priority: 0,  2D/3D-geometry: true, material-attributes: pec.rho.surface-impedance,  shape-attributes: solid,  
Priority-group:   3, shape 136: component1:solid1_2_15, material: Copper (annealed),  user-priority: 0,  2D/3D-geometry: true, material-attributes: pec.rho.surface-impedance,  shape-attributes: solid,  
Priority-group:   3, shape 137: component1:solid1_2_2,  material: Copper (annealed),  user-priority: 0,  2D/3D-geometry: true, material-attributes: pec.rho.surface-impedance,  shape-attributes: solid,  
Priority-group:   3, shape 138: component1:solid1_2_3,  material: Copper (annealed),  user-priority: 0,  2D/3D-geometry: true, material-attributes: pec.rho.surface-impedance,  shape-attributes: solid,  
Priority-group:   3, shape 139: component1:solid1_2_4,  material: Copper (annealed),  user-priority: 0,  2D/3D-geometry: true, material-attributes: pec.rho.surface-impedance,  shape-attributes: solid,  
Priority-group:   3, shape 140: component1:solid1_2_5,  material: Copper (annealed),  user-priority: 0,  2D/3D-geometry: true, material-attributes: pec.rho.surface-impedance,  shape-attributes: solid,  
Priority-group:   3, shape 141: component1:solid1_2_6,  material: Copper (annealed),  user-priority: 0,  2D/3D-geometry: true, material-attributes: pec.rho.surface-impedance,  shape-attributes: solid,  
Priority-group:   3, shape 142: component1:solid1_2_7,  material: Copper (annealed),  user-priority: 0,  2D/3D-geometry: true, material-attributes: pec.rho.surface-impedance,  shape-attributes: solid,  
Priority-group:   3, shape 143: component1:solid1_2_8,  material: Copper (annealed),  user-priority: 0,  2D/3D-geometry: true, material-attributes: pec.rho.surface-impedance,  shape-attributes: solid,  
Priority-group:   3, shape 144: component1:solid1_2_9,  material: Copper (annealed),  user-priority: 0,  2D/3D-geometry: true, material-attributes: pec.rho.surface-impedance,  shape-attributes: solid,  
Priority-group:   3, shape 145: component1:solid1_3,    material: Copper (annealed),  user-priority: 0,  2D/3D-geometry: true, material-attributes: pec.rho.surface-impedance,  shape-attributes: solid,  
Priority-group:   3, shape 146: component1:solid1_30,   material: Copper (annealed),  user-priority: 0,  2D/3D-geometry: true, material-attributes: pec.rho.surface-impedance,  shape-attributes: solid,  
Priority-group:   3, shape 147: component1:solid1_3_1,  material: Copper (annealed),  user-priority: 0,  2D/3D-geometry: true, material-attributes: pec.rho.surface-impedance,  shape-attributes: solid,  
Priority-group:   3, shape 148: component1:solid1_3_10, material: Copper (annealed),  user-priority: 0,  2D/3D-geometry: true, material-attributes: pec.rho.surface-impedance,  shape-attributes: solid,  
Priority-group:   3, shape 149: component1:solid1_3_11, material: Copper (annealed),  user-priority: 0,  2D/3D-geometry: true, material-attributes: pec.rho.surface-impedance,  shape-attributes: solid,  
Priority-group:   3, shape 150: component1:solid1_3_12, material: Copper (annealed),  user-priority: 0,  2D/3D-geometry: true, material-attributes: pec.rho.surface-impedance,  shape-attributes: solid,  
Priority-group:   3, shape 151: component1:solid1_3_13, material: Copper (annealed),  user-priority: 0,  2D/3D-geometry: true, material-attributes: pec.rho.surface-impedance,  shape-attributes: solid,  
Priority-group:   3, shape 152: component1:solid1_3_14, material: Copper (annealed),  user-priority: 0,  2D/3D-geometry: true, material-attributes: pec.rho.surface-impedance,  shape-attributes: solid,  
Priority-group:   3, shape 153: component1:solid1_3_15, material: Copper (annealed),  user-priority: 0,  2D/3D-geometry: true, material-attributes: pec.rho.surface-impedance,  shape-attributes: solid,  
Priority-group:   3, shape 154: component1:solid1_3_2,  material: Copper (annealed),  user-priority: 0,  2D/3D-geometry: true, material-attributes: pec.rho.surface-impedance,  shape-attributes: solid,  
Priority-group:   3, shape 155: component1:solid1_3_3,  material: Copper (annealed),  user-priority: 0,  2D/3D-geometry: true, material-attributes: pec.rho.surface-impedance,  shape-attributes: solid,  
Priority-group:   3, shape 156: component1:solid1_3_4,  material: Copper (annealed),  user-priority: 0,  2D/3D-geometry: true, material-attributes: pec.rho.surface-impedance,  shape-attributes: solid,  
Priority-group:   3, shape 157: component1:solid1_3_5,  material: Copper (annealed),  user-priority: 0,  2D/3D-geometry: true, material-attributes: pec.rho.surface-impedance,  shape-attributes: solid,  
Priority-group:   3, shape 158: component1:solid1_3_6,  material: Copper (annealed),  user-priority: 0,  2D/3D-geometry: true, material-attributes: pec.rho.surface-impedance,  shape-attributes: solid,  
Priority-group:   3, shape 159: component1:solid1_3_7,  material: Copper (annealed),  user-priority: 0,  2D/3D-geometry: true, material-attributes: pec.rho.surface-impedance,  shape-attributes: solid,  
Priority-group:   3, shape 160: component1:solid1_3_8,  material: Copper (annealed),  user-priority: 0,  2D/3D-geometry: true, material-attributes: pec.rho.surface-impedance,  shape-attributes: solid,  
Priority-group:   3, shape 161: component1:solid1_3_9,  material: Copper (annealed),  user-priority: 0,  2D/3D-geometry: true, material-attributes: pec.rho.surface-impedance,  shape-attributes: solid,  
Priority-group:   3, shape 162: component1:solid1_4,    material: Copper (annealed),  user-priority: 0,  2D/3D-geometry: true, material-attributes: pec.rho.surface-impedance,  shape-attributes: solid,  
Priority-group:   3, shape 163: component1:solid1_4_1,  material: Copper (annealed),  user-priority: 0,  2D/3D-geometry: true, material-attributes: pec.rho.surface-impedance,  shape-attributes: solid,  
Priority-group:   3, shape 164: component1:solid1_4_10, material: Copper (annealed),  user-priority: 0,  2D/3D-geometry: true, material-attributes: pec.rho.surface-impedance,  shape-attributes: solid,  
Priority-group:   3, shape 165: component1:solid1_4_11, material: Copper (annealed),  user-priority: 0,  2D/3D-geometry: true, material-attributes: pec.rho.surface-impedance,  shape-attributes: solid,  
Priority-group:   3, shape 166: component1:solid1_4_12, material: Copper (annealed),  user-priority: 0,  2D/3D-geometry: true, material-attributes: pec.rho.surface-impedance,  shape-attributes: solid,  
Priority-group:   3, shape 167: component1:solid1_4_13, material: Copper (annealed),  user-priority: 0,  2D/3D-geometry: true, material-attributes: pec.rho.surface-impedance,  shape-attributes: solid,  
Priority-group:   3, shape 168: component1:solid1_4_14, material: Copper (annealed),  user-priority: 0,  2D/3D-geometry: true, material-attributes: pec.rho.surface-impedance,  shape-attributes: solid,  
Priority-group:   3, shape 169: component1:solid1_4_15, material: Copper (annealed),  user-priority: 0,  2D/3D-geometry: true, material-attributes: pec.rho.surface-impedance,  shape-attributes: solid,  
Priority-group:   3, shape 170: component1:solid1_4_2,  material: Copper (annealed),  user-priority: 0,  2D/3D-geometry: true, material-attributes: pec.rho.surface-impedance,  shape-attributes: solid,  
Priority-group:   3, shape 171: component1:solid1_4_3,  material: Copper (annealed),  user-priority: 0,  2D/3D-geometry: true, material-attributes: pec.rho.surface-impedance,  shape-attributes: solid,  
Priority-group:   3, shape 172: component1:solid1_4_4,  material: Copper (annealed),  user-priority: 0,  2D/3D-geometry: true, material-attributes: pec.rho.surface-impedance,  shape-attributes: solid,  
Priority-group:   3, shape 173: component1:solid1_4_5,  material: Copper (annealed),  user-priority: 0,  2D/3D-geometry: true, material-attributes: pec.rho.surface-impedance,  shape-attributes: solid,  
Priority-group:   3, shape 174: component1:solid1_4_6,  material: Copper (annealed),  user-priority: 0,  2D/3D-geometry: true, material-attributes: pec.rho.surface-impedance,  shape-attributes: solid,  
Priority-group:   3, shape 175: component1:solid1_4_7,  material: Copper (annealed),  user-priority: 0,  2D/3D-geometry: true, material-attributes: pec.rho.surface-impedance,  shape-attributes: solid,  
Priority-group:   3, shape 176: component1:solid1_4_8,  material: Copper (annealed),  user-priority: 0,  2D/3D-geometry: true, material-attributes: pec.rho.surface-impedance,  shape-attributes: solid,  
Priority-group:   3, shape 177: component1:solid1_4_9,  material: Copper (annealed),  user-priority: 0,  2D/3D-geometry: true, material-attributes: pec.rho.surface-impedance,  shape-attributes: solid,  
Priority-group:   3, shape 178: component1:solid1_5,    material: Copper (annealed),  user-priority: 0,  2D/3D-geometry: true, material-attributes: pec.rho.surface-impedance,  shape-attributes: solid,  
Priority-group:   3, shape 179: component1:solid1_5_1,  material: Copper (annealed),  user-priority: 0,  2D/3D-geometry: true, material-attributes: pec.rho.surface-impedance,  shape-attributes: solid,  
Priority-group:   3, shape 180: component1:solid1_5_10, material: Copper (annealed),  user-priority: 0,  2D/3D-geometry: true, material-attributes: pec.rho.surface-impedance,  shape-attributes: solid,  
Priority-group:   3, shape 181: component1:solid1_5_11, material: Copper (annealed),  user-priority: 0,  2D/3D-geometry: true, material-attributes: pec.rho.surface-impedance,  shape-attributes: solid,  
Priority-group:   3, shape 182: component1:solid1_5_12, material: Copper (annealed),  user-priority: 0,  2D/3D-geometry: true, material-attributes: pec.rho.surface-impedance,  shape-attributes: solid,  
Priority-group:   3, shape 183: component1:solid1_5_13, material: Copper (annealed),  user-priority: 0,  2D/3D-geometry: true, material-attributes: pec.rho.surface-impedance,  shape-attributes: solid,  
Priority-group:   3, shape 184: component1:solid1_5_14, material: Copper (annealed),  user-priority: 0,  2D/3D-geometry: true, material-attributes: pec.rho.surface-impedance,  shape-attributes: solid,  
Priority-group:   3, shape 185: component1:solid1_5_15, material: Copper (annealed),  user-priority: 0,  2D/3D-geometry: true, material-attributes: pec.rho.surface-impedance,  shape-attributes: solid,  
Priority-group:   3, shape 186: component1:solid1_5_2,  material: Copper (annealed),  user-priority: 0,  2D/3D-geometry: true, material-attributes: pec.rho.surface-impedance,  shape-attributes: solid,  
Priority-group:   3, shape 187: component1:solid1_5_3,  material: Copper (annealed),  user-priority: 0,  2D/3D-geometry: true, material-attributes: pec.rho.surface-impedance,  shape-attributes: solid,  
Priority-group:   3, shape 188: component1:solid1_5_4,  material: Copper (annealed),  user-priority: 0,  2D/3D-geometry: true, material-attributes: pec.rho.surface-impedance,  shape-attributes: solid,  
Priority-group:   3, shape 189: component1:solid1_5_5,  material: Copper (annealed),  user-priority: 0,  2D/3D-geometry: true, material-attributes: pec.rho.surface-impedance,  shape-attributes: solid,  
Priority-group:   3, shape 190: component1:solid1_5_6,  material: Copper (annealed),  user-priority: 0,  2D/3D-geometry: true, material-attributes: pec.rho.surface-impedance,  shape-attributes: solid,  
Priority-group:   3, shape 191: component1:solid1_5_7,  material: Copper (annealed),  user-priority: 0,  2D/3D-geometry: true, material-attributes: pec.rho.surface-impedance,  shape-attributes: solid,  
Priority-group:   3, shape 192: component1:solid1_5_8,  material: Copper (annealed),  user-priority: 0,  2D/3D-geometry: true, material-attributes: pec.rho.surface-impedance,  shape-attributes: solid,  
Priority-group:   3, shape 193: component1:solid1_5_9,  material: Copper (annealed),  user-priority: 0,  2D/3D-geometry: true, material-attributes: pec.rho.surface-impedance,  shape-attributes: solid,  
Priority-group:   3, shape 194: component1:solid1_6,    material: Copper (annealed),  user-priority: 0,  2D/3D-geometry: true, material-attributes: pec.rho.surface-impedance,  shape-attributes: solid,  
Priority-group:   3, shape 195: component1:solid1_6_1,  material: Copper (annealed),  user-priority: 0,  2D/3D-geometry: true, material-attributes: pec.rho.surface-impedance,  shape-attributes: solid,  
Priority-group:   3, shape 196: component1:solid1_6_10, material: Copper (annealed),  user-priority: 0,  2D/3D-geometry: true, material-attributes: pec.rho.surface-impedance,  shape-attributes: solid,  
Priority-group:   3, shape 197: component1:solid1_6_11, material: Copper (annealed),  user-priority: 0,  2D/3D-geometry: true, material-attributes: pec.rho.surface-impedance,  shape-attributes: solid,  
Priority-group:   3, shape 198: component1:solid1_6_12, material: Copper (annealed),  user-priority: 0,  2D/3D-geometry: true, material-attributes: pec.rho.surface-impedance,  shape-attributes: solid,  
Priority-group:   3, shape 199: component1:solid1_6_13, material: Copper (annealed),  user-priority: 0,  2D/3D-geometry: true, material-attributes: pec.rho.surface-impedance,  shape-attributes: solid,  
Priority-group:   3, shape 200: component1:solid1_6_14, material: Copper (annealed),  user-priority: 0,  2D/3D-geometry: true, material-attributes: pec.rho.surface-impedance,  shape-attributes: solid,  
Priority-group:   3, shape 201: component1:solid1_6_15, material: Copper (annealed),  user-priority: 0,  2D/3D-geometry: true, material-attributes: pec.rho.surface-impedance,  shape-attributes: solid,  
Priority-group:   3, shape 202: component1:solid1_6_2,  material: Copper (annealed),  user-priority: 0,  2D/3D-geometry: true, material-attributes: pec.rho.surface-impedance,  shape-attributes: solid,  
Priority-group:   3, shape 203: component1:solid1_6_3,  material: Copper (annealed),  user-priority: 0,  2D/3D-geometry: true, material-attributes: pec.rho.surface-impedance,  shape-attributes: solid,  
Priority-group:   3, shape 204: component1:solid1_6_4,  material: Copper (annealed),  user-priority: 0,  2D/3D-geometry: true, material-attributes: pec.rho.surface-impedance,  shape-attributes: solid,  
Priority-group:   3, shape 205: component1:solid1_6_5,  material: Copper (annealed),  user-priority: 0,  2D/3D-geometry: true, material-attributes: pec.rho.surface-impedance,  shape-attributes: solid,  
Priority-group:   3, shape 206: component1:solid1_6_6,  material: Copper (annealed),  user-priority: 0,  2D/3D-geometry: true, material-attributes: pec.rho.surface-impedance,  shape-attributes: solid,  
Priority-group:   3, shape 207: component1:solid1_6_7,  material: Copper (annealed),  user-priority: 0,  2D/3D-geometry: true, material-attributes: pec.rho.surface-impedance,  shape-attributes: solid,  
Priority-group:   3, shape 208: component1:solid1_6_8,  material: Copper (annealed),  user-priority: 0,  2D/3D-geometry: true, material-attributes: pec.rho.surface-impedance,  shape-attributes: solid,  
Priority-group:   3, shape 209: component1:solid1_6_9,  material: Copper (annealed),  user-priority: 0,  2D/3D-geometry: true, material-attributes: pec.rho.surface-impedance,  shape-attributes: solid,  
Priority-group:   3, shape 210: component1:solid1_7,    material: Copper (annealed),  user-priority: 0,  2D/3D-geometry: true, material-attributes: pec.rho.surface-impedance,  shape-attributes: solid,  
Priority-group:   3, shape 211: component1:solid1_7_1,  material: Copper (annealed),  user-priority: 0,  2D/3D-geometry: true, material-attributes: pec.rho.surface-impedance,  shape-attributes: solid,  
Priority-group:   3, shape 212: component1:solid1_7_10, material: Copper (annealed),  user-priority: 0,  2D/3D-geometry: true, material-attributes: pec.rho.surface-impedance,  shape-attributes: solid,  
Priority-group:   3, shape 213: component1:solid1_7_11, material: Copper (annealed),  user-priority: 0,  2D/3D-geometry: true, material-attributes: pec.rho.surface-impedance,  shape-attributes: solid,  
Priority-group:   3, shape 214: component1:solid1_7_12, material: Copper (annealed),  user-priority: 0,  2D/3D-geometry: true, material-attributes: pec.rho.surface-impedance,  shape-attributes: solid,  
Priority-group:   3, shape 215: component1:solid1_7_13, material: Copper (annealed),  user-priority: 0,  2D/3D-geometry: true, material-attributes: pec.rho.surface-impedance,  shape-attributes: solid,  
Priority-group:   3, shape 216: component1:solid1_7_14, material: Copper (annealed),  user-priority: 0,  2D/3D-geometry: true, material-attributes: pec.rho.surface-impedance,  shape-attributes: solid,  
Priority-group:   3, shape 217: component1:solid1_7_15, material: Copper (annealed),  user-priority: 0,  2D/3D-geometry: true, material-attributes: pec.rho.surface-impedance,  shape-attributes: solid,  
Priority-group:   3, shape 218: component1:solid1_7_2,  material: Copper (annealed),  user-priority: 0,  2D/3D-geometry: true, material-attributes: pec.rho.surface-impedance,  shape-attributes: solid,  
Priority-group:   3, shape 219: component1:solid1_7_3,  material: Copper (annealed),  user-priority: 0,  2D/3D-geometry: true, material-attributes: pec.rho.surface-impedance,  shape-attributes: solid,  
Priority-group:   3, shape 220: component1:solid1_7_4,  material: Copper (annealed),  user-priority: 0,  2D/3D-geometry: true, material-attributes: pec.rho.surface-impedance,  shape-attributes: solid,  
Priority-group:   3, shape 221: component1:solid1_7_5,  material: Copper (annealed),  user-priority: 0,  2D/3D-geometry: true, material-attributes: pec.rho.surface-impedance,  shape-attributes: solid,  
Priority-group:   3, shape 222: component1:solid1_7_6,  material: Copper (annealed),  user-priority: 0,  2D/3D-geometry: true, material-attributes: pec.rho.surface-impedance,  shape-attributes: solid,  
Priority-group:   3, shape 223: component1:solid1_7_7,  material: Copper (annealed),  user-priority: 0,  2D/3D-geometry: true, material-attributes: pec.rho.surface-impedance,  shape-attributes: solid,  
Priority-group:   3, shape 224: component1:solid1_7_8,  material: Copper (annealed),  user-priority: 0,  2D/3D-geometry: true, material-attributes: pec.rho.surface-impedance,  shape-attributes: solid,  
Priority-group:   3, shape 225: component1:solid1_7_9,  material: Copper (annealed),  user-priority: 0,  2D/3D-geometry: true, material-attributes: pec.rho.surface-impedance,  shape-attributes: solid,  
Priority-group:   3, shape 226: component1:solid1_8,    material: Copper (annealed),  user-priority: 0,  2D/3D-geometry: true, material-attributes: pec.rho.surface-impedance,  shape-attributes: solid,  
Priority-group:   3, shape 227: component1:solid1_8_1,  material: Copper (annealed),  user-priority: 0,  2D/3D-geometry: true, material-attributes: pec.rho.surface-impedance,  shape-attributes: solid,  
Priority-group:   3, shape 228: component1:solid1_8_10, material: Copper (annealed),  user-priority: 0,  2D/3D-geometry: true, material-attributes: pec.rho.surface-impedance,  shape-attributes: solid,  
Priority-group:   3, shape 229: component1:solid1_8_11, material: Copper (annealed),  user-priority: 0,  2D/3D-geometry: true, material-attributes: pec.rho.surface-impedance,  shape-attributes: solid,  
Priority-group:   3, shape 230: component1:solid1_8_12, material: Copper (annealed),  user-priority: 0,  2D/3D-geometry: true, material-attributes: pec.rho.surface-impedance,  shape-attributes: solid,  
Priority-group:   3, shape 231: component1:solid1_8_13, material: Copper (annealed),  user-priority: 0,  2D/3D-geometry: true, material-attributes: pec.rho.surface-impedance,  shape-attributes: solid,  
Priority-group:   3, shape 232: component1:solid1_8_14, material: Copper (annealed),  user-priority: 0,  2D/3D-geometry: true, material-attributes: pec.rho.surface-impedance,  shape-attributes: solid,  
Priority-group:   3, shape 233: component1:solid1_8_15, material: Copper (annealed),  user-priority: 0,  2D/3D-geometry: true, material-attributes: pec.rho.surface-impedance,  shape-attributes: solid,  
Priority-group:   3, shape 234: component1:solid1_8_2,  material: Copper (annealed),  user-priority: 0,  2D/3D-geometry: true, material-attributes: pec.rho.surface-impedance,  shape-attributes: solid,  
Priority-group:   3, shape 235: component1:solid1_8_3,  material: Copper (annealed),  user-priority: 0,  2D/3D-geometry: true, material-attributes: pec.rho.surface-impedance,  shape-attributes: solid,  
Priority-group:   3, shape 236: component1:solid1_8_4,  material: Copper (annealed),  user-priority: 0,  2D/3D-geometry: true, material-attributes: pec.rho.surface-impedance,  shape-attributes: solid,  
Priority-group:   3, shape 237: component1:solid1_8_5,  material: Copper (annealed),  user-priority: 0,  2D/3D-geometry: true, material-attributes: pec.rho.surface-impedance,  shape-attributes: solid,  
Priority-group:   3, shape 238: component1:solid1_8_6,  material: Copper (annealed),  user-priority: 0,  2D/3D-geometry: true, material-attributes: pec.rho.surface-impedance,  shape-attributes: solid,  
Priority-group:   3, shape 239: component1:solid1_8_7,  material: Copper (annealed),  user-priority: 0,  2D/3D-geometry: true, material-attributes: pec.rho.surface-impedance,  shape-attributes: solid,  
Priority-group:   3, shape 240: component1:solid1_8_8,  material: Copper (annealed),  user-priority: 0,  2D/3D-geometry: true, material-attributes: pec.rho.surface-impedance,  shape-attributes: solid,  
Priority-group:   3, shape 241: component1:solid1_8_9,  material: Copper (annealed),  user-priority: 0,  2D/3D-geometry: true, material-attributes: pec.rho.surface-impedance,  shape-attributes: solid,  
Priority-group:   3, shape 242: component1:solid1_9,    material: Copper (annealed),  user-priority: 0,  2D/3D-geometry: true, material-attributes: pec.rho.surface-impedance,  shape-attributes: solid,  
Priority-group:   3, shape 243: component1:solid1_9_1,  material: Copper (annealed),  user-priority: 0,  2D/3D-geometry: true, material-attributes: pec.rho.surface-impedance,  shape-attributes: solid,  
Priority-group:   3, shape 244: component1:solid1_9_10, material: Copper (annealed),  user-priority: 0,  2D/3D-geometry: true, material-attributes: pec.rho.surface-impedance,  shape-attributes: solid,  
Priority-group:   3, shape 245: component1:solid1_9_11, material: Copper (annealed),  user-priority: 0,  2D/3D-geometry: true, material-attributes: pec.rho.surface-impedance,  shape-attributes: solid,  
Priority-group:   3, shape 246: component1:solid1_9_12, material: Copper (annealed),  user-priority: 0,  2D/3D-geometry: true, material-attributes: pec.rho.surface-impedance,  shape-attributes: solid,  
Priority-group:   3, shape 247: component1:solid1_9_13, material: Copper (annealed),  user-priority: 0,  2D/3D-geometry: true, material-attributes: pec.rho.surface-impedance,  shape-attributes: solid,  
Priority-group:   3, shape 248: component1:solid1_9_14, material: Copper (annealed),  user-priority: 0,  2D/3D-geometry: true, material-attributes: pec.rho.surface-impedance,  shape-attributes: solid,  
Priority-group:   3, shape 249: component1:solid1_9_15, material: Copper (annealed),  user-priority: 0,  2D/3D-geometry: true, material-attributes: pec.rho.surface-impedance,  shape-attributes: solid,  
Priority-group:   3, shape 250: component1:solid1_9_2,  material: Copper (annealed),  user-priority: 0,  2D/3D-geometry: true, material-attributes: pec.rho.surface-impedance,  shape-attributes: solid,  
Priority-group:   3, shape 251: component1:solid1_9_3,  material: Copper (annealed),  user-priority: 0,  2D/3D-geometry: true, material-attributes: pec.rho.surface-impedance,  shape-attributes: solid,  
Priority-group:   3, shape 252: component1:solid1_9_4,  material: Copper (annealed),  user-priority: 0,  2D/3D-geometry: true, material-attributes: pec.rho.surface-impedance,  shape-attributes: solid,  
Priority-group:   3, shape 253: component1:solid1_9_5,  material: Copper (annealed),  user-priority: 0,  2D/3D-geometry: true, material-attributes: pec.rho.surface-impedance,  shape-attributes: solid,  
Priority-group:   3, shape 254: component1:solid1_9_6,  material: Copper (annealed),  user-priority: 0,  2D/3D-geometry: true, material-attributes: pec.rho.surface-impedance,  shape-attributes: solid,  
Priority-group:   3, shape 255: component1:solid1_9_7,  material: Copper (annealed),  user-priority: 0,  2D/3D-geometry: true, material-attributes: pec.rho.surface-impedance,  shape-attributes: solid,  
Priority-group:   3, shape 256: component1:solid1_9_8,  material: Copper (annealed),  user-priority: 0,  2D/3D-geometry: true, material-attributes: pec.rho.surface-impedance,  shape-attributes: solid,  
Priority-group:   3, shape 257: component1:solid1_9_9,  material: Copper (annealed),  user-priority: 0,  2D/3D-geometry: true, material-attributes: pec.rho.surface-impedance,  shape-attributes: solid,  
Priority-group:   3, shape 258: component1:solid3,  material: Copper (annealed),  user-priority: 0,  2D/3D-geometry: true, material-attributes: pec.rho.surface-impedance,  shape-attributes: solid,  
Priority-group:   3, shape 259: component1:solid3_1,    material: Copper (annealed),  user-priority: 0,  2D/3D-geometry: true, material-attributes: pec.rho.surface-impedance,  shape-attributes: solid,  
Priority-group:   3, shape 260: component1:solid3_10,   material: Copper (annealed),  user-priority: 0,  2D/3D-geometry: true, material-attributes: pec.rho.surface-impedance,  shape-attributes: solid,  
Priority-group:   3, shape 261: component1:solid3_10_1, material: Copper (annealed),  user-priority: 0,  2D/3D-geometry: true, material-attributes: pec.rho.surface-impedance,  shape-attributes: solid,  
Priority-group:   3, shape 262: component1:solid3_10_10,    material: Copper (annealed),  user-priority: 0,  2D/3D-geometry: true, material-attributes: pec.rho.surface-impedance,  shape-attributes: solid,  
Priority-group:   3, shape 263: component1:solid3_10_11,    material: Copper (annealed),  user-priority: 0,  2D/3D-geometry: true, material-attributes: pec.rho.surface-impedance,  shape-attributes: solid,  
Priority-group:   3, shape 264: component1:solid3_10_12,    material: Copper (annealed),  user-priority: 0,  2D/3D-geometry: true, material-attributes: pec.rho.surface-impedance,  shape-attributes: solid,  
Priority-group:   3, shape 265: component1:solid3_10_13,    material: Copper (annealed),  user-priority: 0,  2D/3D-geometry: true, material-attributes: pec.rho.surface-impedance,  shape-attributes: solid,  
Priority-group:   3, shape 266: component1:solid3_10_14,    material: Copper (annealed),  user-priority: 0,  2D/3D-geometry: true, material-attributes: pec.rho.surface-impedance,  shape-attributes: solid,  
Priority-group:   3, shape 267: component1:solid3_10_15,    material: Copper (annealed),  user-priority: 0,  2D/3D-geometry: true, material-attributes: pec.rho.surface-impedance,  shape-attributes: solid,  
Priority-group:   3, shape 268: component1:solid3_10_2, material: Copper (annealed),  user-priority: 0,  2D/3D-geometry: true, material-attributes: pec.rho.surface-impedance,  shape-attributes: solid,  
Priority-group:   3, shape 269: component1:solid3_10_3, material: Copper (annealed),  user-priority: 0,  2D/3D-geometry: true, material-attributes: pec.rho.surface-impedance,  shape-attributes: solid,  
Priority-group:   3, shape 270: component1:solid3_10_4, material: Copper (annealed),  user-priority: 0,  2D/3D-geometry: true, material-attributes: pec.rho.surface-impedance,  shape-attributes: solid,  
Priority-group:   3, shape 271: component1:solid3_10_5, material: Copper (annealed),  user-priority: 0,  2D/3D-geometry: true, material-attributes: pec.rho.surface-impedance,  shape-attributes: solid,  
Priority-group:   3, shape 272: component1:solid3_10_6, material: Copper (annealed),  user-priority: 0,  2D/3D-geometry: true, material-attributes: pec.rho.surface-impedance,  shape-attributes: solid,  
Priority-group:   3, shape 273: component1:solid3_10_7, material: Copper (annealed),  user-priority: 0,  2D/3D-geometry: true, material-attributes: pec.rho.surface-impedance,  shape-attributes: solid,  
Priority-group:   3, shape 274: component1:solid3_10_8, material: Copper (annealed),  user-priority: 0,  2D/3D-geometry: true, material-attributes: pec.rho.surface-impedance,  shape-attributes: solid,  
Priority-group:   3, shape 275: component1:solid3_10_9, material: Copper (annealed),  user-priority: 0,  2D/3D-geometry: true, material-attributes: pec.rho.surface-impedance,  shape-attributes: solid,  
Priority-group:   3, shape 276: component1:solid3_11,   material: Copper (annealed),  user-priority: 0,  2D/3D-geometry: true, material-attributes: pec.rho.surface-impedance,  shape-attributes: solid,  
Priority-group:   3, shape 277: component1:solid3_11_1, material: Copper (annealed),  user-priority: 0,  2D/3D-geometry: true, material-attributes: pec.rho.surface-impedance,  shape-attributes: solid,  
Priority-group:   3, shape 278: component1:solid3_11_10,    material: Copper (annealed),  user-priority: 0,  2D/3D-geometry: true, material-attributes: pec.rho.surface-impedance,  shape-attributes: solid,  
Priority-group:   3, shape 279: component1:solid3_11_11,    material: Copper (annealed),  user-priority: 0,  2D/3D-geometry: true, material-attributes: pec.rho.surface-impedance,  shape-attributes: solid,  
Priority-group:   3, shape 280: component1:solid3_11_12,    material: Copper (annealed),  user-priority: 0,  2D/3D-geometry: true, material-attributes: pec.rho.surface-impedance,  shape-attributes: solid,  
Priority-group:   3, shape 281: component1:solid3_11_13,    material: Copper (annealed),  user-priority: 0,  2D/3D-geometry: true, material-attributes: pec.rho.surface-impedance,  shape-attributes: solid,  
Priority-group:   3, shape 282: component1:solid3_11_14,    material: Copper (annealed),  user-priority: 0,  2D/3D-geometry: true, material-attributes: pec.rho.surface-impedance,  shape-attributes: solid,  
Priority-group:   3, shape 283: component1:solid3_11_15,    material: Copper (annealed),  user-priority: 0,  2D/3D-geometry: true, material-attributes: pec.rho.surface-impedance,  shape-attributes: solid,  
Priority-group:   3, shape 284: component1:solid3_11_2, material: Copper (annealed),  user-priority: 0,  2D/3D-geometry: true, material-attributes: pec.rho.surface-impedance,  shape-attributes: solid,  
Priority-group:   3, shape 285: component1:solid3_11_3, material: Copper (annealed),  user-priority: 0,  2D/3D-geometry: true, material-attributes: pec.rho.surface-impedance,  shape-attributes: solid,  
Priority-group:   3, shape 286: component1:solid3_11_4, material: Copper (annealed),  user-priority: 0,  2D/3D-geometry: true, material-attributes: pec.rho.surface-impedance,  shape-attributes: solid,  
Priority-group:   3, shape 287: component1:solid3_11_5, material: Copper (annealed),  user-priority: 0,  2D/3D-geometry: true, material-attributes: pec.rho.surface-impedance,  shape-attributes: solid,  
Priority-group:   3, shape 288: component1:solid3_11_6, material: Copper (annealed),  user-priority: 0,  2D/3D-geometry: true, material-attributes: pec.rho.surface-impedance,  shape-attributes: solid,  
Priority-group:   3, shape 289: component1:solid3_11_7, material: Copper (annealed),  user-priority: 0,  2D/3D-geometry: true, material-attributes: pec.rho.surface-impedance,  shape-attributes: solid,  
Priority-group:   3, shape 290: component1:solid3_11_8, material: Copper (annealed),  user-priority: 0,  2D/3D-geometry: true, material-attributes: pec.rho.surface-impedance,  shape-attributes: solid,  
Priority-group:   3, shape 291: component1:solid3_11_9, material: Copper (annealed),  user-priority: 0,  2D/3D-geometry: true, material-attributes: pec.rho.surface-impedance,  shape-attributes: solid,  
Priority-group:   3, shape 292: component1:solid3_12,   material: Copper (annealed),  user-priority: 0,  2D/3D-geometry: true, material-attributes: pec.rho.surface-impedance,  shape-attributes: solid,  
Priority-group:   3, shape 293: component1:solid3_12_1, material: Copper (annealed),  user-priority: 0,  2D/3D-geometry: true, material-attributes: pec.rho.surface-impedance,  shape-attributes: solid,  
Priority-group:   3, shape 294: component1:solid3_12_10,    material: Copper (annealed),  user-priority: 0,  2D/3D-geometry: true, material-attributes: pec.rho.surface-impedance,  shape-attributes: solid,  
Priority-group:   3, shape 295: component1:solid3_12_11,    material: Copper (annealed),  user-priority: 0,  2D/3D-geometry: true, material-attributes: pec.rho.surface-impedance,  shape-attributes: solid,  
Priority-group:   3, shape 296: component1:solid3_12_12,    material: Copper (annealed),  user-priority: 0,  2D/3D-geometry: true, material-attributes: pec.rho.surface-impedance,  shape-attributes: solid,  
Priority-group:   3, shape 297: component1:solid3_12_13,    material: Copper (annealed),  user-priority: 0,  2D/3D-geometry: true, material-attributes: pec.rho.surface-impedance,  shape-attributes: solid,  
Priority-group:   3, shape 298: component1:solid3_12_14,    material: Copper (annealed),  user-priority: 0,  2D/3D-geometry: true, material-attributes: pec.rho.surface-impedance,  shape-attributes: solid,  
Priority-group:   3, shape 299: component1:solid3_12_15,    material: Copper (annealed),  user-priority: 0,  2D/3D-geometry: true, material-attributes: pec.rho.surface-impedance,  shape-attributes: solid,  
Priority-group:   3, shape 300: component1:solid3_12_2, material: Copper (annealed),  user-priority: 0,  2D/3D-geometry: true, material-attributes: pec.rho.surface-impedance,  shape-attributes: solid,  
Priority-group:   3, shape 301: component1:solid3_12_3, material: Copper (annealed),  user-priority: 0,  2D/3D-geometry: true, material-attributes: pec.rho.surface-impedance,  shape-attributes: solid,  
Priority-group:   3, shape 302: component1:solid3_12_4, material: Copper (annealed),  user-priority: 0,  2D/3D-geometry: true, material-attributes: pec.rho.surface-impedance,  shape-attributes: solid,  
Priority-group:   3, shape 303: component1:solid3_12_5, material: Copper (annealed),  user-priority: 0,  2D/3D-geometry: true, material-attributes: pec.rho.surface-impedance,  shape-attributes: solid,  
Priority-group:   3, shape 304: component1:solid3_12_6, material: Copper (annealed),  user-priority: 0,  2D/3D-geometry: true, material-attributes: pec.rho.surface-impedance,  shape-attributes: solid,  
Priority-group:   3, shape 305: component1:solid3_12_7, material: Copper (annealed),  user-priority: 0,  2D/3D-geometry: true, material-attributes: pec.rho.surface-impedance,  shape-attributes: solid,  
Priority-group:   3, shape 306: component1:solid3_12_8, material: Copper (annealed),  user-priority: 0,  2D/3D-geometry: true, material-attributes: pec.rho.surface-impedance,  shape-attributes: solid,  
Priority-group:   3, shape 307: component1:solid3_12_9, material: Copper (annealed),  user-priority: 0,  2D/3D-geometry: true, material-attributes: pec.rho.surface-impedance,  shape-attributes: solid,  
Priority-group:   3, shape 308: component1:solid3_13,   material: Copper (annealed),  user-priority: 0,  2D/3D-geometry: true, material-attributes: pec.rho.surface-impedance,  shape-attributes: solid,  
Priority-group:   3, shape 309: component1:solid3_13_1, material: Copper (annealed),  user-priority: 0,  2D/3D-geometry: true, material-attributes: pec.rho.surface-impedance,  shape-attributes: solid,  
Priority-group:   3, shape 310: component1:solid3_13_10,    material: Copper (annealed),  user-priority: 0,  2D/3D-geometry: true, material-attributes: pec.rho.surface-impedance,  shape-attributes: solid,  
Priority-group:   3, shape 311: component1:solid3_13_11,    material: Copper (annealed),  user-priority: 0,  2D/3D-geometry: true, material-attributes: pec.rho.surface-impedance,  shape-attributes: solid,  
Priority-group:   3, shape 312: component1:solid3_13_12,    material: Copper (annealed),  user-priority: 0,  2D/3D-geometry: true, material-attributes: pec.rho.surface-impedance,  shape-attributes: solid,  
Priority-group:   3, shape 313: component1:solid3_13_13,    material: Copper (annealed),  user-priority: 0,  2D/3D-geometry: true, material-attributes: pec.rho.surface-impedance,  shape-attributes: solid,  
Priority-group:   3, shape 314: component1:solid3_13_14,    material: Copper (annealed),  user-priority: 0,  2D/3D-geometry: true, material-attributes: pec.rho.surface-impedance,  shape-attributes: solid,  
Priority-group:   3, shape 315: component1:solid3_13_15,    material: Copper (annealed),  user-priority: 0,  2D/3D-geometry: true, material-attributes: pec.rho.surface-impedance,  shape-attributes: solid,  
Priority-group:   3, shape 316: component1:solid3_13_2, material: Copper (annealed),  user-priority: 0,  2D/3D-geometry: true, material-attributes: pec.rho.surface-impedance,  shape-attributes: solid,  
Priority-group:   3, shape 317: component1:solid3_13_3, material: Copper (annealed),  user-priority: 0,  2D/3D-geometry: true, material-attributes: pec.rho.surface-impedance,  shape-attributes: solid,  
Priority-group:   3, shape 318: component1:solid3_13_4, material: Copper (annealed),  user-priority: 0,  2D/3D-geometry: true, material-attributes: pec.rho.surface-impedance,  shape-attributes: solid,  
Priority-group:   3, shape 319: component1:solid3_13_5, material: Copper (annealed),  user-priority: 0,  2D/3D-geometry: true, material-attributes: pec.rho.surface-impedance,  shape-attributes: solid,  
Priority-group:   3, shape 320: component1:solid3_13_6, material: Copper (annealed),  user-priority: 0,  2D/3D-geometry: true, material-attributes: pec.rho.surface-impedance,  shape-attributes: solid,  
Priority-group:   3, shape 321: component1:solid3_13_7, material: Copper (annealed),  user-priority: 0,  2D/3D-geometry: true, material-attributes: pec.rho.surface-impedance,  shape-attributes: solid,  
Priority-group:   3, shape 322: component1:solid3_13_8, material: Copper (annealed),  user-priority: 0,  2D/3D-geometry: true, material-attributes: pec.rho.surface-impedance,  shape-attributes: solid,  
Priority-group:   3, shape 323: component1:solid3_13_9, material: Copper (annealed),  user-priority: 0,  2D/3D-geometry: true, material-attributes: pec.rho.surface-impedance,  shape-attributes: solid,  
Priority-group:   3, shape 324: component1:solid3_14,   material: Copper (annealed),  user-priority: 0,  2D/3D-geometry: true, material-attributes: pec.rho.surface-impedance,  shape-attributes: solid,  
Priority-group:   3, shape 325: component1:solid3_14_1, material: Copper (annealed),  user-priority: 0,  2D/3D-geometry: true, material-attributes: pec.rho.surface-impedance,  shape-attributes: solid,  
Priority-group:   3, shape 326: component1:solid3_14_10,    material: Copper (annealed),  user-priority: 0,  2D/3D-geometry: true, material-attributes: pec.rho.surface-impedance,  shape-attributes: solid,  
Priority-group:   3, shape 327: component1:solid3_14_11,    material: Copper (annealed),  user-priority: 0,  2D/3D-geometry: true, material-attributes: pec.rho.surface-impedance,  shape-attributes: solid,  
Priority-group:   3, shape 328: component1:solid3_14_12,    material: Copper (annealed),  user-priority: 0,  2D/3D-geometry: true, material-attributes: pec.rho.surface-impedance,  shape-attributes: solid,  
Priority-group:   3, shape 329: component1:solid3_14_13,    material: Copper (annealed),  user-priority: 0,  2D/3D-geometry: true, material-attributes: pec.rho.surface-impedance,  shape-attributes: solid,  
Priority-group:   3, shape 330: component1:solid3_14_14,    material: Copper (annealed),  user-priority: 0,  2D/3D-geometry: true, material-attributes: pec.rho.surface-impedance,  shape-attributes: solid,  
Priority-group:   3, shape 331: component1:solid3_14_15,    material: Copper (annealed),  user-priority: 0,  2D/3D-geometry: true, material-attributes: pec.rho.surface-impedance,  shape-attributes: solid,  
Priority-group:   3, shape 332: component1:solid3_14_2, material: Copper (annealed),  user-priority: 0,  2D/3D-geometry: true, material-attributes: pec.rho.surface-impedance,  shape-attributes: solid,  
Priority-group:   3, shape 333: component1:solid3_14_3, material: Copper (annealed),  user-priority: 0,  2D/3D-geometry: true, material-attributes: pec.rho.surface-impedance,  shape-attributes: solid,  
Priority-group:   3, shape 334: component1:solid3_14_4, material: Copper (annealed),  user-priority: 0,  2D/3D-geometry: true, material-attributes: pec.rho.surface-impedance,  shape-attributes: solid,  
Priority-group:   3, shape 335: component1:solid3_14_5, material: Copper (annealed),  user-priority: 0,  2D/3D-geometry: true, material-attributes: pec.rho.surface-impedance,  shape-attributes: solid,  
Priority-group:   3, shape 336: component1:solid3_14_6, material: Copper (annealed),  user-priority: 0,  2D/3D-geometry: true, material-attributes: pec.rho.surface-impedance,  shape-attributes: solid,  
Priority-group:   3, shape 337: component1:solid3_14_7, material: Copper (annealed),  user-priority: 0,  2D/3D-geometry: true, material-attributes: pec.rho.surface-impedance,  shape-attributes: solid,  
Priority-group:   3, shape 338: component1:solid3_14_8, material: Copper (annealed),  user-priority: 0,  2D/3D-geometry: true, material-attributes: pec.rho.surface-impedance,  shape-attributes: solid,  
Priority-group:   3, shape 339: component1:solid3_14_9, material: Copper (annealed),  user-priority: 0,  2D/3D-geometry: true, material-attributes: pec.rho.surface-impedance,  shape-attributes: solid,  
Priority-group:   3, shape 340: component1:solid3_15,   material: Copper (annealed),  user-priority: 0,  2D/3D-geometry: true, material-attributes: pec.rho.surface-impedance,  shape-attributes: solid,  
Priority-group:   3, shape 341: component1:solid3_15_1, material: Copper (annealed),  user-priority: 0,  2D/3D-geometry: true, material-attributes: pec.rho.surface-impedance,  shape-attributes: solid,  
Priority-group:   3, shape 342: component1:solid3_15_10,    material: Copper (annealed),  user-priority: 0,  2D/3D-geometry: true, material-attributes: pec.rho.surface-impedance,  shape-attributes: solid,  
Priority-group:   3, shape 343: component1:solid3_15_11,    material: Copper (annealed),  user-priority: 0,  2D/3D-geometry: true, material-attributes: pec.rho.surface-impedance,  shape-attributes: solid,  
Priority-group:   3, shape 344: component1:solid3_15_12,    material: Copper (annealed),  user-priority: 0,  2D/3D-geometry: true, material-attributes: pec.rho.surface-impedance,  shape-attributes: solid,  
Priority-group:   3, shape 345: component1:solid3_15_13,    material: Copper (annealed),  user-priority: 0,  2D/3D-geometry: true, material-attributes: pec.rho.surface-impedance,  shape-attributes: solid,  
Priority-group:   3, shape 346: component1:solid3_15_14,    material: Copper (annealed),  user-priority: 0,  2D/3D-geometry: true, material-attributes: pec.rho.surface-impedance,  shape-attributes: solid,  
Priority-group:   3, shape 347: component1:solid3_15_15,    material: Copper (annealed),  user-priority: 0,  2D/3D-geometry: true, material-attributes: pec.rho.surface-impedance,  shape-attributes: solid,  
Priority-group:   3, shape 348: component1:solid3_15_2, material: Copper (annealed),  user-priority: 0,  2D/3D-geometry: true, material-attributes: pec.rho.surface-impedance,  shape-attributes: solid,  
Priority-group:   3, shape 349: component1:solid3_15_3, material: Copper (annealed),  user-priority: 0,  2D/3D-geometry: true, material-attributes: pec.rho.surface-impedance,  shape-attributes: solid,  
Priority-group:   3, shape 350: component1:solid3_15_4, material: Copper (annealed),  user-priority: 0,  2D/3D-geometry: true, material-attributes: pec.rho.surface-impedance,  shape-attributes: solid,  
Priority-group:   3, shape 351: component1:solid3_15_5, material: Copper (annealed),  user-priority: 0,  2D/3D-geometry: true, material-attributes: pec.rho.surface-impedance,  shape-attributes: solid,  
Priority-group:   3, shape 352: component1:solid3_15_6, material: Copper (annealed),  user-priority: 0,  2D/3D-geometry: true, material-attributes: pec.rho.surface-impedance,  shape-attributes: solid,  
Priority-group:   3, shape 353: component1:solid3_15_7, material: Copper (annealed),  user-priority: 0,  2D/3D-geometry: true, material-attributes: pec.rho.surface-impedance,  shape-attributes: solid,  
Priority-group:   3, shape 354: component1:solid3_15_8, material: Copper (annealed),  user-priority: 0,  2D/3D-geometry: true, material-attributes: pec.rho.surface-impedance,  shape-attributes: solid,  
Priority-group:   3, shape 355: component1:solid3_15_9, material: Copper (annealed),  user-priority: 0,  2D/3D-geometry: true, material-attributes: pec.rho.surface-impedance,  shape-attributes: solid,  
Priority-group:   3, shape 356: component1:solid3_16,   material: Copper (annealed),  user-priority: 0,  2D/3D-geometry: true, material-attributes: pec.rho.surface-impedance,  shape-attributes: solid,  
Priority-group:   3, shape 357: component1:solid3_17,   material: Copper (annealed),  user-priority: 0,  2D/3D-geometry: true, material-attributes: pec.rho.surface-impedance,  shape-attributes: solid,  
Priority-group:   3, shape 358: component1:solid3_18,   material: Copper (annealed),  user-priority: 0,  2D/3D-geometry: true, material-attributes: pec.rho.surface-impedance,  shape-attributes: solid,  
Priority-group:   3, shape 359: component1:solid3_19,   material: Copper (annealed),  user-priority: 0,  2D/3D-geometry: true, material-attributes: pec.rho.surface-impedance,  shape-attributes: solid,  
Priority-group:   3, shape 360: component1:solid3_1_1,  material: Copper (annealed),  user-priority: 0,  2D/3D-geometry: true, material-attributes: pec.rho.surface-impedance,  shape-attributes: solid,  
Priority-group:   3, shape 361: component1:solid3_1_10, material: Copper (annealed),  user-priority: 0,  2D/3D-geometry: true, material-attributes: pec.rho.surface-impedance,  shape-attributes: solid,  
Priority-group:   3, shape 362: component1:solid3_1_11, material: Copper (annealed),  user-priority: 0,  2D/3D-geometry: true, material-attributes: pec.rho.surface-impedance,  shape-attributes: solid,  
Priority-group:   3, shape 363: component1:solid3_1_12, material: Copper (annealed),  user-priority: 0,  2D/3D-geometry: true, material-attributes: pec.rho.surface-impedance,  shape-attributes: solid,  
Priority-group:   3, shape 364: component1:solid3_1_13, material: Copper (annealed),  user-priority: 0,  2D/3D-geometry: true, material-attributes: pec.rho.surface-impedance,  shape-attributes: solid,  
Priority-group:   3, shape 365: component1:solid3_1_14, material: Copper (annealed),  user-priority: 0,  2D/3D-geometry: true, material-attributes: pec.rho.surface-impedance,  shape-attributes: solid,  
Priority-group:   3, shape 366: component1:solid3_1_15, material: Copper (annealed),  user-priority: 0,  2D/3D-geometry: true, material-attributes: pec.rho.surface-impedance,  shape-attributes: solid,  
Priority-group:   3, shape 367: component1:solid3_1_2,  material: Copper (annealed),  user-priority: 0,  2D/3D-geometry: true, material-attributes: pec.rho.surface-impedance,  shape-attributes: solid,  
Priority-group:   3, shape 368: component1:solid3_1_3,  material: Copper (annealed),  user-priority: 0,  2D/3D-geometry: true, material-attributes: pec.rho.surface-impedance,  shape-attributes: solid,  
Priority-group:   3, shape 369: component1:solid3_1_4,  material: Copper (annealed),  user-priority: 0,  2D/3D-geometry: true, material-attributes: pec.rho.surface-impedance,  shape-attributes: solid,  
Priority-group:   3, shape 370: component1:solid3_1_5,  material: Copper (annealed),  user-priority: 0,  2D/3D-geometry: true, material-attributes: pec.rho.surface-impedance,  shape-attributes: solid,  
Priority-group:   3, shape 371: component1:solid3_1_6,  material: Copper (annealed),  user-priority: 0,  2D/3D-geometry: true, material-attributes: pec.rho.surface-impedance,  shape-attributes: solid,  
Priority-group:   3, shape 372: component1:solid3_1_7,  material: Copper (annealed),  user-priority: 0,  2D/3D-geometry: true, material-attributes: pec.rho.surface-impedance,  shape-attributes: solid,  
Priority-group:   3, shape 373: component1:solid3_1_8,  material: Copper (annealed),  user-priority: 0,  2D/3D-geometry: true, material-attributes: pec.rho.surface-impedance,  shape-attributes: solid,  
Priority-group:   3, shape 374: component1:solid3_1_9,  material: Copper (annealed),  user-priority: 0,  2D/3D-geometry: true, material-attributes: pec.rho.surface-impedance,  shape-attributes: solid,  
Priority-group:   3, shape 375: component1:solid3_2,    material: Copper (annealed),  user-priority: 0,  2D/3D-geometry: true, material-attributes: pec.rho.surface-impedance,  shape-attributes: solid,  
Priority-group:   3, shape 376: component1:solid3_20,   material: Copper (annealed),  user-priority: 0,  2D/3D-geometry: true, material-attributes: pec.rho.surface-impedance,  shape-attributes: solid,  
Priority-group:   3, shape 377: component1:solid3_21,   material: Copper (annealed),  user-priority: 0,  2D/3D-geometry: true, material-attributes: pec.rho.surface-impedance,  shape-attributes: solid,  
Priority-group:   3, shape 378: component1:solid3_22,   material: Copper (annealed),  user-priority: 0,  2D/3D-geometry: true, material-attributes: pec.rho.surface-impedance,  shape-attributes: solid,  
Priority-group:   3, shape 379: component1:solid3_23,   material: Copper (annealed),  user-priority: 0,  2D/3D-geometry: true, material-attributes: pec.rho.surface-impedance,  shape-attributes: solid,  
Priority-group:   3, shape 380: component1:solid3_24,   material: Copper (annealed),  user-priority: 0,  2D/3D-geometry: true, material-attributes: pec.rho.surface-impedance,  shape-attributes: solid,  
Priority-group:   3, shape 381: component1:solid3_25,   material: Copper (annealed),  user-priority: 0,  2D/3D-geometry: true, material-attributes: pec.rho.surface-impedance,  shape-attributes: solid,  
Priority-group:   3, shape 382: component1:solid3_26,   material: Copper (annealed),  user-priority: 0,  2D/3D-geometry: true, material-attributes: pec.rho.surface-impedance,  shape-attributes: solid,  
Priority-group:   3, shape 383: component1:solid3_27,   material: Copper (annealed),  user-priority: 0,  2D/3D-geometry: true, material-attributes: pec.rho.surface-impedance,  shape-attributes: solid,  
Priority-group:   3, shape 384: component1:solid3_28,   material: Copper (annealed),  user-priority: 0,  2D/3D-geometry: true, material-attributes: pec.rho.surface-impedance,  shape-attributes: solid,  
Priority-group:   3, shape 385: component1:solid3_29,   material: Copper (annealed),  user-priority: 0,  2D/3D-geometry: true, material-attributes: pec.rho.surface-impedance,  shape-attributes: solid,  
Priority-group:   3, shape 386: component1:solid3_2_1,  material: Copper (annealed),  user-priority: 0,  2D/3D-geometry: true, material-attributes: pec.rho.surface-impedance,  shape-attributes: solid,  
Priority-group:   3, shape 387: component1:solid3_2_10, material: Copper (annealed),  user-priority: 0,  2D/3D-geometry: true, material-attributes: pec.rho.surface-impedance,  shape-attributes: solid,  
Priority-group:   3, shape 388: component1:solid3_2_11, material: Copper (annealed),  user-priority: 0,  2D/3D-geometry: true, material-attributes: pec.rho.surface-impedance,  shape-attributes: solid,  
Priority-group:   3, shape 389: component1:solid3_2_12, material: Copper (annealed),  user-priority: 0,  2D/3D-geometry: true, material-attributes: pec.rho.surface-impedance,  shape-attributes: solid,  
Priority-group:   3, shape 390: component1:solid3_2_13, material: Copper (annealed),  user-priority: 0,  2D/3D-geometry: true, material-attributes: pec.rho.surface-impedance,  shape-attributes: solid,  
Priority-group:   3, shape 391: component1:solid3_2_14, material: Copper (annealed),  user-priority: 0,  2D/3D-geometry: true, material-attributes: pec.rho.surface-impedance,  shape-attributes: solid,  
Priority-group:   3, shape 392: component1:solid3_2_15, material: Copper (annealed),  user-priority: 0,  2D/3D-geometry: true, material-attributes: pec.rho.surface-impedance,  shape-attributes: solid,  
Priority-group:   3, shape 393: component1:solid3_2_2,  material: Copper (annealed),  user-priority: 0,  2D/3D-geometry: true, material-attributes: pec.rho.surface-impedance,  shape-attributes: solid,  
Priority-group:   3, shape 394: component1:solid3_2_3,  material: Copper (annealed),  user-priority: 0,  2D/3D-geometry: true, material-attributes: pec.rho.surface-impedance,  shape-attributes: solid,  
Priority-group:   3, shape 395: component1:solid3_2_4,  material: Copper (annealed),  user-priority: 0,  2D/3D-geometry: true, material-attributes: pec.rho.surface-impedance,  shape-attributes: solid,  
Priority-group:   3, shape 396: component1:solid3_2_5,  material: Copper (annealed),  user-priority: 0,  2D/3D-geometry: true, material-attributes: pec.rho.surface-impedance,  shape-attributes: solid,  
Priority-group:   3, shape 397: component1:solid3_2_6,  material: Copper (annealed),  user-priority: 0,  2D/3D-geometry: true, material-attributes: pec.rho.surface-impedance,  shape-attributes: solid,  
Priority-group:   3, shape 398: component1:solid3_2_7,  material: Copper (annealed),  user-priority: 0,  2D/3D-geometry: true, material-attributes: pec.rho.surface-impedance,  shape-attributes: solid,  
Priority-group:   3, shape 399: component1:solid3_2_8,  material: Copper (annealed),  user-priority: 0,  2D/3D-geometry: true, material-attributes: pec.rho.surface-impedance,  shape-attributes: solid,  
Priority-group:   3, shape 400: component1:solid3_2_9,  material: Copper (annealed),  user-priority: 0,  2D/3D-geometry: true, material-attributes: pec.rho.surface-impedance,  shape-attributes: solid,  
Priority-group:   3, shape 401: component1:solid3_3,    material: Copper (annealed),  user-priority: 0,  2D/3D-geometry: true, material-attributes: pec.rho.surface-impedance,  shape-attributes: solid,  
Priority-group:   3, shape 402: component1:solid3_30,   material: Copper (annealed),  user-priority: 0,  2D/3D-geometry: true, material-attributes: pec.rho.surface-impedance,  shape-attributes: solid,  
Priority-group:   3, shape 403: component1:solid3_3_1,  material: Copper (annealed),  user-priority: 0,  2D/3D-geometry: true, material-attributes: pec.rho.surface-impedance,  shape-attributes: solid,  
Priority-group:   3, shape 404: component1:solid3_3_10, material: Copper (annealed),  user-priority: 0,  2D/3D-geometry: true, material-attributes: pec.rho.surface-impedance,  shape-attributes: solid,  
Priority-group:   3, shape 405: component1:solid3_3_11, material: Copper (annealed),  user-priority: 0,  2D/3D-geometry: true, material-attributes: pec.rho.surface-impedance,  shape-attributes: solid,  
Priority-group:   3, shape 406: component1:solid3_3_12, material: Copper (annealed),  user-priority: 0,  2D/3D-geometry: true, material-attributes: pec.rho.surface-impedance,  shape-attributes: solid,  
Priority-group:   3, shape 407: component1:solid3_3_13, material: Copper (annealed),  user-priority: 0,  2D/3D-geometry: true, material-attributes: pec.rho.surface-impedance,  shape-attributes: solid,  
Priority-group:   3, shape 408: component1:solid3_3_14, material: Copper (annealed),  user-priority: 0,  2D/3D-geometry: true, material-attributes: pec.rho.surface-impedance,  shape-attributes: solid,  
Priority-group:   3, shape 409: component1:solid3_3_15, material: Copper (annealed),  user-priority: 0,  2D/3D-geometry: true, material-attributes: pec.rho.surface-impedance,  shape-attributes: solid,  
Priority-group:   3, shape 410: component1:solid3_3_2,  material: Copper (annealed),  user-priority: 0,  2D/3D-geometry: true, material-attributes: pec.rho.surface-impedance,  shape-attributes: solid,  
Priority-group:   3, shape 411: component1:solid3_3_3,  material: Copper (annealed),  user-priority: 0,  2D/3D-geometry: true, material-attributes: pec.rho.surface-impedance,  shape-attributes: solid,  
Priority-group:   3, shape 412: component1:solid3_3_4,  material: Copper (annealed),  user-priority: 0,  2D/3D-geometry: true, material-attributes: pec.rho.surface-impedance,  shape-attributes: solid,  
Priority-group:   3, shape 413: component1:solid3_3_5,  material: Copper (annealed),  user-priority: 0,  2D/3D-geometry: true, material-attributes: pec.rho.surface-impedance,  shape-attributes: solid,  
Priority-group:   3, shape 414: component1:solid3_3_6,  material: Copper (annealed),  user-priority: 0,  2D/3D-geometry: true, material-attributes: pec.rho.surface-impedance,  shape-attributes: solid,  
Priority-group:   3, shape 415: component1:solid3_3_7,  material: Copper (annealed),  user-priority: 0,  2D/3D-geometry: true, material-attributes: pec.rho.surface-impedance,  shape-attributes: solid,  
Priority-group:   3, shape 416: component1:solid3_3_8,  material: Copper (annealed),  user-priority: 0,  2D/3D-geometry: true, material-attributes: pec.rho.surface-impedance,  shape-attributes: solid,  
Priority-group:   3, shape 417: component1:solid3_3_9,  material: Copper (annealed),  user-priority: 0,  2D/3D-geometry: true, material-attributes: pec.rho.surface-impedance,  shape-attributes: solid,  
Priority-group:   3, shape 418: component1:solid3_4,    material: Copper (annealed),  user-priority: 0,  2D/3D-geometry: true, material-attributes: pec.rho.surface-impedance,  shape-attributes: solid,  
Priority-group:   3, shape 419: component1:solid3_4_1,  material: Copper (annealed),  user-priority: 0,  2D/3D-geometry: true, material-attributes: pec.rho.surface-impedance,  shape-attributes: solid,  
Priority-group:   3, shape 420: component1:solid3_4_10, material: Copper (annealed),  user-priority: 0,  2D/3D-geometry: true, material-attributes: pec.rho.surface-impedance,  shape-attributes: solid,  
Priority-group:   3, shape 421: component1:solid3_4_11, material: Copper (annealed),  user-priority: 0,  2D/3D-geometry: true, material-attributes: pec.rho.surface-impedance,  shape-attributes: solid,  
Priority-group:   3, shape 422: component1:solid3_4_12, material: Copper (annealed),  user-priority: 0,  2D/3D-geometry: true, material-attributes: pec.rho.surface-impedance,  shape-attributes: solid,  
Priority-group:   3, shape 423: component1:solid3_4_13, material: Copper (annealed),  user-priority: 0,  2D/3D-geometry: true, material-attributes: pec.rho.surface-impedance,  shape-attributes: solid,  
Priority-group:   3, shape 424: component1:solid3_4_14, material: Copper (annealed),  user-priority: 0,  2D/3D-geometry: true, material-attributes: pec.rho.surface-impedance,  shape-attributes: solid,  
Priority-group:   3, shape 425: component1:solid3_4_15, material: Copper (annealed),  user-priority: 0,  2D/3D-geometry: true, material-attributes: pec.rho.surface-impedance,  shape-attributes: solid,  
Priority-group:   3, shape 426: component1:solid3_4_2,  material: Copper (annealed),  user-priority: 0,  2D/3D-geometry: true, material-attributes: pec.rho.surface-impedance,  shape-attributes: solid,  
Priority-group:   3, shape 427: component1:solid3_4_3,  material: Copper (annealed),  user-priority: 0,  2D/3D-geometry: true, material-attributes: pec.rho.surface-impedance,  shape-attributes: solid,  
Priority-group:   3, shape 428: component1:solid3_4_4,  material: Copper (annealed),  user-priority: 0,  2D/3D-geometry: true, material-attributes: pec.rho.surface-impedance,  shape-attributes: solid,  
Priority-group:   3, shape 429: component1:solid3_4_5,  material: Copper (annealed),  user-priority: 0,  2D/3D-geometry: true, material-attributes: pec.rho.surface-impedance,  shape-attributes: solid,  
Priority-group:   3, shape 430: component1:solid3_4_6,  material: Copper (annealed),  user-priority: 0,  2D/3D-geometry: true, material-attributes: pec.rho.surface-impedance,  shape-attributes: solid,  
Priority-group:   3, shape 431: component1:solid3_4_7,  material: Copper (annealed),  user-priority: 0,  2D/3D-geometry: true, material-attributes: pec.rho.surface-impedance,  shape-attributes: solid,  
Priority-group:   3, shape 432: component1:solid3_4_8,  material: Copper (annealed),  user-priority: 0,  2D/3D-geometry: true, material-attributes: pec.rho.surface-impedance,  shape-attributes: solid,  
Priority-group:   3, shape 433: component1:solid3_4_9,  material: Copper (annealed),  user-priority: 0,  2D/3D-geometry: true, material-attributes: pec.rho.surface-impedance,  shape-attributes: solid,  
Priority-group:   3, shape 434: component1:solid3_5,    material: Copper (annealed),  user-priority: 0,  2D/3D-geometry: true, material-attributes: pec.rho.surface-impedance,  shape-attributes: solid,  
Priority-group:   3, shape 435: component1:solid3_5_1,  material: Copper (annealed),  user-priority: 0,  2D/3D-geometry: true, material-attributes: pec.rho.surface-impedance,  shape-attributes: solid,  
Priority-group:   3, shape 436: component1:solid3_5_10, material: Copper (annealed),  user-priority: 0,  2D/3D-geometry: true, material-attributes: pec.rho.surface-impedance,  shape-attributes: solid,  
Priority-group:   3, shape 437: component1:solid3_5_11, material: Copper (annealed),  user-priority: 0,  2D/3D-geometry: true, material-attributes: pec.rho.surface-impedance,  shape-attributes: solid,  
Priority-group:   3, shape 438: component1:solid3_5_12, material: Copper (annealed),  user-priority: 0,  2D/3D-geometry: true, material-attributes: pec.rho.surface-impedance,  shape-attributes: solid,  
Priority-group:   3, shape 439: component1:solid3_5_13, material: Copper (annealed),  user-priority: 0,  2D/3D-geometry: true, material-attributes: pec.rho.surface-impedance,  shape-attributes: solid,  
Priority-group:   3, shape 440: component1:solid3_5_14, material: Copper (annealed),  user-priority: 0,  2D/3D-geometry: true, material-attributes: pec.rho.surface-impedance,  shape-attributes: solid,  
Priority-group:   3, shape 441: component1:solid3_5_15, material: Copper (annealed),  user-priority: 0,  2D/3D-geometry: true, material-attributes: pec.rho.surface-impedance,  shape-attributes: solid,  
Priority-group:   3, shape 442: component1:solid3_5_2,  material: Copper (annealed),  user-priority: 0,  2D/3D-geometry: true, material-attributes: pec.rho.surface-impedance,  shape-attributes: solid,  
Priority-group:   3, shape 443: component1:solid3_5_3,  material: Copper (annealed),  user-priority: 0,  2D/3D-geometry: true, material-attributes: pec.rho.surface-impedance,  shape-attributes: solid,  
Priority-group:   3, shape 444: component1:solid3_5_4,  material: Copper (annealed),  user-priority: 0,  2D/3D-geometry: true, material-attributes: pec.rho.surface-impedance,  shape-attributes: solid,  
Priority-group:   3, shape 445: component1:solid3_5_5,  material: Copper (annealed),  user-priority: 0,  2D/3D-geometry: true, material-attributes: pec.rho.surface-impedance,  shape-attributes: solid,  
Priority-group:   3, shape 446: component1:solid3_5_6,  material: Copper (annealed),  user-priority: 0,  2D/3D-geometry: true, material-attributes: pec.rho.surface-impedance,  shape-attributes: solid,  
Priority-group:   3, shape 447: component1:solid3_5_7,  material: Copper (annealed),  user-priority: 0,  2D/3D-geometry: true, material-attributes: pec.rho.surface-impedance,  shape-attributes: solid,  
Priority-group:   3, shape 448: component1:solid3_5_8,  material: Copper (annealed),  user-priority: 0,  2D/3D-geometry: true, material-attributes: pec.rho.surface-impedance,  shape-attributes: solid,  
Priority-group:   3, shape 449: component1:solid3_5_9,  material: Copper (annealed),  user-priority: 0,  2D/3D-geometry: true, material-attributes: pec.rho.surface-impedance,  shape-attributes: solid,  
Priority-group:   3, shape 450: component1:solid3_6,    material: Copper (annealed),  user-priority: 0,  2D/3D-geometry: true, material-attributes: pec.rho.surface-impedance,  shape-attributes: solid,  
Priority-group:   3, shape 451: component1:solid3_6_1,  material: Copper (annealed),  user-priority: 0,  2D/3D-geometry: true, material-attributes: pec.rho.surface-impedance,  shape-attributes: solid,  
Priority-group:   3, shape 452: component1:solid3_6_10, material: Copper (annealed),  user-priority: 0,  2D/3D-geometry: true, material-attributes: pec.rho.surface-impedance,  shape-attributes: solid,  
Priority-group:   3, shape 453: component1:solid3_6_11, material: Copper (annealed),  user-priority: 0,  2D/3D-geometry: true, material-attributes: pec.rho.surface-impedance,  shape-attributes: solid,  
Priority-group:   3, shape 454: component1:solid3_6_12, material: Copper (annealed),  user-priority: 0,  2D/3D-geometry: true, material-attributes: pec.rho.surface-impedance,  shape-attributes: solid,  
Priority-group:   3, shape 455: component1:solid3_6_13, material: Copper (annealed),  user-priority: 0,  2D/3D-geometry: true, material-attributes: pec.rho.surface-impedance,  shape-attributes: solid,  
Priority-group:   3, shape 456: component1:solid3_6_14, material: Copper (annealed),  user-priority: 0,  2D/3D-geometry: true, material-attributes: pec.rho.surface-impedance,  shape-attributes: solid,  
Priority-group:   3, shape 457: component1:solid3_6_15, material: Copper (annealed),  user-priority: 0,  2D/3D-geometry: true, material-attributes: pec.rho.surface-impedance,  shape-attributes: solid,  
Priority-group:   3, shape 458: component1:solid3_6_2,  material: Copper (annealed),  user-priority: 0,  2D/3D-geometry: true, material-attributes: pec.rho.surface-impedance,  shape-attributes: solid,  
Priority-group:   3, shape 459: component1:solid3_6_3,  material: Copper (annealed),  user-priority: 0,  2D/3D-geometry: true, material-attributes: pec.rho.surface-impedance,  shape-attributes: solid,  
Priority-group:   3, shape 460: component1:solid3_6_4,  material: Copper (annealed),  user-priority: 0,  2D/3D-geometry: true, material-attributes: pec.rho.surface-impedance,  shape-attributes: solid,  
Priority-group:   3, shape 461: component1:solid3_6_5,  material: Copper (annealed),  user-priority: 0,  2D/3D-geometry: true, material-attributes: pec.rho.surface-impedance,  shape-attributes: solid,  
Priority-group:   3, shape 462: component1:solid3_6_6,  material: Copper (annealed),  user-priority: 0,  2D/3D-geometry: true, material-attributes: pec.rho.surface-impedance,  shape-attributes: solid,  
Priority-group:   3, shape 463: component1:solid3_6_7,  material: Copper (annealed),  user-priority: 0,  2D/3D-geometry: true, material-attributes: pec.rho.surface-impedance,  shape-attributes: solid,  
Priority-group:   3, shape 464: component1:solid3_6_8,  material: Copper (annealed),  user-priority: 0,  2D/3D-geometry: true, material-attributes: pec.rho.surface-impedance,  shape-attributes: solid,  
Priority-group:   3, shape 465: component1:solid3_6_9,  material: Copper (annealed),  user-priority: 0,  2D/3D-geometry: true, material-attributes: pec.rho.surface-impedance,  shape-attributes: solid,  
Priority-group:   3, shape 466: component1:solid3_7,    material: Copper (annealed),  user-priority: 0,  2D/3D-geometry: true, material-attributes: pec.rho.surface-impedance,  shape-attributes: solid,  
Priority-group:   3, shape 467: component1:solid3_7_1,  material: Copper (annealed),  user-priority: 0,  2D/3D-geometry: true, material-attributes: pec.rho.surface-impedance,  shape-attributes: solid,  
Priority-group:   3, shape 468: component1:solid3_7_10, material: Copper (annealed),  user-priority: 0,  2D/3D-geometry: true, material-attributes: pec.rho.surface-impedance,  shape-attributes: solid,  
Priority-group:   3, shape 469: component1:solid3_7_11, material: Copper (annealed),  user-priority: 0,  2D/3D-geometry: true, material-attributes: pec.rho.surface-impedance,  shape-attributes: solid,  
Priority-group:   3, shape 470: component1:solid3_7_12, material: Copper (annealed),  user-priority: 0,  2D/3D-geometry: true, material-attributes: pec.rho.surface-impedance,  shape-attributes: solid,  
Priority-group:   3, shape 471: component1:solid3_7_13, material: Copper (annealed),  user-priority: 0,  2D/3D-geometry: true, material-attributes: pec.rho.surface-impedance,  shape-attributes: solid,  
Priority-group:   3, shape 472: component1:solid3_7_14, material: Copper (annealed),  user-priority: 0,  2D/3D-geometry: true, material-attributes: pec.rho.surface-impedance,  shape-attributes: solid,  
Priority-group:   3, shape 473: component1:solid3_7_15, material: Copper (annealed),  user-priority: 0,  2D/3D-geometry: true, material-attributes: pec.rho.surface-impedance,  shape-attributes: solid,  
Priority-group:   3, shape 474: component1:solid3_7_2,  material: Copper (annealed),  user-priority: 0,  2D/3D-geometry: true, material-attributes: pec.rho.surface-impedance,  shape-attributes: solid,  
Priority-group:   3, shape 475: component1:solid3_7_3,  material: Copper (annealed),  user-priority: 0,  2D/3D-geometry: true, material-attributes: pec.rho.surface-impedance,  shape-attributes: solid,  
Priority-group:   3, shape 476: component1:solid3_7_4,  material: Copper (annealed),  user-priority: 0,  2D/3D-geometry: true, material-attributes: pec.rho.surface-impedance,  shape-attributes: solid,  
Priority-group:   3, shape 477: component1:solid3_7_5,  material: Copper (annealed),  user-priority: 0,  2D/3D-geometry: true, material-attributes: pec.rho.surface-impedance,  shape-attributes: solid,  
Priority-group:   3, shape 478: component1:solid3_7_6,  material: Copper (annealed),  user-priority: 0,  2D/3D-geometry: true, material-attributes: pec.rho.surface-impedance,  shape-attributes: solid,  
Priority-group:   3, shape 479: component1:solid3_7_7,  material: Copper (annealed),  user-priority: 0,  2D/3D-geometry: true, material-attributes: pec.rho.surface-impedance,  shape-attributes: solid,  
Priority-group:   3, shape 480: component1:solid3_7_8,  material: Copper (annealed),  user-priority: 0,  2D/3D-geometry: true, material-attributes: pec.rho.surface-impedance,  shape-attributes: solid,  
Priority-group:   3, shape 481: component1:solid3_7_9,  material: Copper (annealed),  user-priority: 0,  2D/3D-geometry: true, material-attributes: pec.rho.surface-impedance,  shape-attributes: solid,  
Priority-group:   3, shape 482: component1:solid3_8,    material: Copper (annealed),  user-priority: 0,  2D/3D-geometry: true, material-attributes: pec.rho.surface-impedance,  shape-attributes: solid,  
Priority-group:   3, shape 483: component1:solid3_8_1,  material: Copper (annealed),  user-priority: 0,  2D/3D-geometry: true, material-attributes: pec.rho.surface-impedance,  shape-attributes: solid,  
Priority-group:   3, shape 484: component1:solid3_8_10, material: Copper (annealed),  user-priority: 0,  2D/3D-geometry: true, material-attributes: pec.rho.surface-impedance,  shape-attributes: solid,  
Priority-group:   3, shape 485: component1:solid3_8_11, material: Copper (annealed),  user-priority: 0,  2D/3D-geometry: true, material-attributes: pec.rho.surface-impedance,  shape-attributes: solid,  
Priority-group:   3, shape 486: component1:solid3_8_12, material: Copper (annealed),  user-priority: 0,  2D/3D-geometry: true, material-attributes: pec.rho.surface-impedance,  shape-attributes: solid,  
Priority-group:   3, shape 487: component1:solid3_8_13, material: Copper (annealed),  user-priority: 0,  2D/3D-geometry: true, material-attributes: pec.rho.surface-impedance,  shape-attributes: solid,  
Priority-group:   3, shape 488: component1:solid3_8_14, material: Copper (annealed),  user-priority: 0,  2D/3D-geometry: true, material-attributes: pec.rho.surface-impedance,  shape-attributes: solid,  
Priority-group:   3, shape 489: component1:solid3_8_15, material: Copper (annealed),  user-priority: 0,  2D/3D-geometry: true, material-attributes: pec.rho.surface-impedance,  shape-attributes: solid,  
Priority-group:   3, shape 490: component1:solid3_8_2,  material: Copper (annealed),  user-priority: 0,  2D/3D-geometry: true, material-attributes: pec.rho.surface-impedance,  shape-attributes: solid,  
Priority-group:   3, shape 491: component1:solid3_8_3,  material: Copper (annealed),  user-priority: 0,  2D/3D-geometry: true, material-attributes: pec.rho.surface-impedance,  shape-attributes: solid,  
Priority-group:   3, shape 492: component1:solid3_8_4,  material: Copper (annealed),  user-priority: 0,  2D/3D-geometry: true, material-attributes: pec.rho.surface-impedance,  shape-attributes: solid,  
Priority-group:   3, shape 493: component1:solid3_8_5,  material: Copper (annealed),  user-priority: 0,  2D/3D-geometry: true, material-attributes: pec.rho.surface-impedance,  shape-attributes: solid,  
Priority-group:   3, shape 494: component1:solid3_8_6,  material: Copper (annealed),  user-priority: 0,  2D/3D-geometry: true, material-attributes: pec.rho.surface-impedance,  shape-attributes: solid,  
Priority-group:   3, shape 495: component1:solid3_8_7,  material: Copper (annealed),  user-priority: 0,  2D/3D-geometry: true, material-attributes: pec.rho.surface-impedance,  shape-attributes: solid,  
Priority-group:   3, shape 496: component1:solid3_8_8,  material: Copper (annealed),  user-priority: 0,  2D/3D-geometry: true, material-attributes: pec.rho.surface-impedance,  shape-attributes: solid,  
Priority-group:   3, shape 497: component1:solid3_8_9,  material: Copper (annealed),  user-priority: 0,  2D/3D-geometry: true, material-attributes: pec.rho.surface-impedance,  shape-attributes: solid,  
Priority-group:   3, shape 498: component1:solid3_9,    material: Copper (annealed),  user-priority: 0,  2D/3D-geometry: true, material-attributes: pec.rho.surface-impedance,  shape-attributes: solid,  
Priority-group:   3, shape 499: component1:solid3_9_1,  material: Copper (annealed),  user-priority: 0,  2D/3D-geometry: true, material-attributes: pec.rho.surface-impedance,  shape-attributes: solid,  
Priority-group:   3, shape 500: component1:solid3_9_10, material: Copper (annealed),  user-priority: 0,  2D/3D-geometry: true, material-attributes: pec.rho.surface-impedance,  shape-attributes: solid,  
Priority-group:   3, shape 501: component1:solid3_9_11, material: Copper (annealed),  user-priority: 0,  2D/3D-geometry: true, material-attributes: pec.rho.surface-impedance,  shape-attributes: solid,  
Priority-group:   3, shape 502: component1:solid3_9_12, material: Copper (annealed),  user-priority: 0,  2D/3D-geometry: true, material-attributes: pec.rho.surface-impedance,  shape-attributes: solid,  
Priority-group:   3, shape 503: component1:solid3_9_13, material: Copper (annealed),  user-priority: 0,  2D/3D-geometry: true, material-attributes: pec.rho.surface-impedance,  shape-attributes: solid,  
Priority-group:   3, shape 504: component1:solid3_9_14, material: Copper (annealed),  user-priority: 0,  2D/3D-geometry: true, material-attributes: pec.rho.surface-impedance,  shape-attributes: solid,  
Priority-group:   3, shape 505: component1:solid3_9_15, material: Copper (annealed),  user-priority: 0,  2D/3D-geometry: true, material-attributes: pec.rho.surface-impedance,  shape-attributes: solid,  
Priority-group:   3, shape 506: component1:solid3_9_2,  material: Copper (annealed),  user-priority: 0,  2D/3D-geometry: true, material-attributes: pec.rho.surface-impedance,  shape-attributes: solid,  
Priority-group:   3, shape 507: component1:solid3_9_3,  material: Copper (annealed),  user-priority: 0,  2D/3D-geometry: true, material-attributes: pec.rho.surface-impedance,  shape-attributes: solid,  
Priority-group:   3, shape 508: component1:solid3_9_4,  material: Copper (annealed),  user-priority: 0,  2D/3D-geometry: true, material-attributes: pec.rho.surface-impedance,  shape-attributes: solid,  
Priority-group:   3, shape 509: component1:solid3_9_5,  material: Copper (annealed),  user-priority: 0,  2D/3D-geometry: true, material-attributes: pec.rho.surface-impedance,  shape-attributes: solid,  
Priority-group:   3, shape 510: component1:solid3_9_6,  material: Copper (annealed),  user-priority: 0,  2D/3D-geometry: true, material-attributes: pec.rho.surface-impedance,  shape-attributes: solid,  
Priority-group:   3, shape 511: component1:solid3_9_7,  material: Copper (annealed),  user-priority: 0,  2D/3D-geometry: true, material-attributes: pec.rho.surface-impedance,  shape-attributes: solid,  
Priority-group:   3, shape 512: component1:solid3_9_8,  material: Copper (annealed),  user-priority: 0,  2D/3D-geometry: true, material-attributes: pec.rho.surface-impedance,  shape-attributes: solid,  
Priority-group:   3, shape 513: component1:solid3_9_9,  material: Copper (annealed),  user-priority: 0,  2D/3D-geometry: true, material-attributes: pec.rho.surface-impedance,  shape-attributes: solid,  
Priority-group:   3, shape 514: component1:solid4,  material: Copper (annealed),  user-priority: 0,  2D/3D-geometry: true, material-attributes: pec.rho.surface-impedance,  shape-attributes: solid,  
Priority-group:   3, shape 515: component1:solid4_1,    material: Copper (annealed),  user-priority: 0,  2D/3D-geometry: true, material-attributes: pec.rho.surface-impedance,  shape-attributes: solid,  
Priority-group:   3, shape 516: component1:solid4_10,   material: Copper (annealed),  user-priority: 0,  2D/3D-geometry: true, material-attributes: pec.rho.surface-impedance,  shape-attributes: solid,  
Priority-group:   3, shape 517: component1:solid4_10_1, material: Copper (annealed),  user-priority: 0,  2D/3D-geometry: true, material-attributes: pec.rho.surface-impedance,  shape-attributes: solid,  
Priority-group:   3, shape 518: component1:solid4_10_10,    material: Copper (annealed),  user-priority: 0,  2D/3D-geometry: true, material-attributes: pec.rho.surface-impedance,  shape-attributes: solid,  
Priority-group:   3, shape 519: component1:solid4_10_11,    material: Copper (annealed),  user-priority: 0,  2D/3D-geometry: true, material-attributes: pec.rho.surface-impedance,  shape-attributes: solid,  
Priority-group:   3, shape 520: component1:solid4_10_12,    material: Copper (annealed),  user-priority: 0,  2D/3D-geometry: true, material-attributes: pec.rho.surface-impedance,  shape-attributes: solid,  
Priority-group:   3, shape 521: component1:solid4_10_13,    material: Copper (annealed),  user-priority: 0,  2D/3D-geometry: true, material-attributes: pec.rho.surface-impedance,  shape-attributes: solid,  
Priority-group:   3, shape 522: component1:solid4_10_14,    material: Copper (annealed),  user-priority: 0,  2D/3D-geometry: true, material-attributes: pec.rho.surface-impedance,  shape-attributes: solid,  
Priority-group:   3, shape 523: component1:solid4_10_15,    material: Copper (annealed),  user-priority: 0,  2D/3D-geometry: true, material-attributes: pec.rho.surface-impedance,  shape-attributes: solid,  
Priority-group:   3, shape 524: component1:solid4_10_2, material: Copper (annealed),  user-priority: 0,  2D/3D-geometry: true, material-attributes: pec.rho.surface-impedance,  shape-attributes: solid,  
Priority-group:   3, shape 525: component1:solid4_10_3, material: Copper (annealed),  user-priority: 0,  2D/3D-geometry: true, material-attributes: pec.rho.surface-impedance,  shape-attributes: solid,  
Priority-group:   3, shape 526: component1:solid4_10_4, material: Copper (annealed),  user-priority: 0,  2D/3D-geometry: true, material-attributes: pec.rho.surface-impedance,  shape-attributes: solid,  
Priority-group:   3, shape 527: component1:solid4_10_5, material: Copper (annealed),  user-priority: 0,  2D/3D-geometry: true, material-attributes: pec.rho.surface-impedance,  shape-attributes: solid,  
Priority-group:   3, shape 528: component1:solid4_10_6, material: Copper (annealed),  user-priority: 0,  2D/3D-geometry: true, material-attributes: pec.rho.surface-impedance,  shape-attributes: solid,  
Priority-group:   3, shape 529: component1:solid4_10_7, material: Copper (annealed),  user-priority: 0,  2D/3D-geometry: true, material-attributes: pec.rho.surface-impedance,  shape-attributes: solid,  
Priority-group:   3, shape 530: component1:solid4_10_8, material: Copper (annealed),  user-priority: 0,  2D/3D-geometry: true, material-attributes: pec.rho.surface-impedance,  shape-attributes: solid,  
Priority-group:   3, shape 531: component1:solid4_10_9, material: Copper (annealed),  user-priority: 0,  2D/3D-geometry: true, material-attributes: pec.rho.surface-impedance,  shape-attributes: solid,  
Priority-group:   3, shape 532: component1:solid4_11,   material: Copper (annealed),  user-priority: 0,  2D/3D-geometry: true, material-attributes: pec.rho.surface-impedance,  shape-attributes: solid,  
Priority-group:   3, shape 533: component1:solid4_11_1, material: Copper (annealed),  user-priority: 0,  2D/3D-geometry: true, material-attributes: pec.rho.surface-impedance,  shape-attributes: solid,  
Priority-group:   3, shape 534: component1:solid4_11_10,    material: Copper (annealed),  user-priority: 0,  2D/3D-geometry: true, material-attributes: pec.rho.surface-impedance,  shape-attributes: solid,  
Priority-group:   3, shape 535: component1:solid4_11_11,    material: Copper (annealed),  user-priority: 0,  2D/3D-geometry: true, material-attributes: pec.rho.surface-impedance,  shape-attributes: solid,  
Priority-group:   3, shape 536: component1:solid4_11_12,    material: Copper (annealed),  user-priority: 0,  2D/3D-geometry: true, material-attributes: pec.rho.surface-impedance,  shape-attributes: solid,  
Priority-group:   3, shape 537: component1:solid4_11_13,    material: Copper (annealed),  user-priority: 0,  2D/3D-geometry: true, material-attributes: pec.rho.surface-impedance,  shape-attributes: solid,  
Priority-group:   3, shape 538: component1:solid4_11_14,    material: Copper (annealed),  user-priority: 0,  2D/3D-geometry: true, material-attributes: pec.rho.surface-impedance,  shape-attributes: solid,  
Priority-group:   3, shape 539: component1:solid4_11_15,    material: Copper (annealed),  user-priority: 0,  2D/3D-geometry: true, material-attributes: pec.rho.surface-impedance,  shape-attributes: solid,  
Priority-group:   3, shape 540: component1:solid4_11_2, material: Copper (annealed),  user-priority: 0,  2D/3D-geometry: true, material-attributes: pec.rho.surface-impedance,  shape-attributes: solid,  
Priority-group:   3, shape 541: component1:solid4_11_3, material: Copper (annealed),  user-priority: 0,  2D/3D-geometry: true, material-attributes: pec.rho.surface-impedance,  shape-attributes: solid,  
Priority-group:   3, shape 542: component1:solid4_11_4, material: Copper (annealed),  user-priority: 0,  2D/3D-geometry: true, material-attributes: pec.rho.surface-impedance,  shape-attributes: solid,  
Priority-group:   3, shape 543: component1:solid4_11_5, material: Copper (annealed),  user-priority: 0,  2D/3D-geometry: true, material-attributes: pec.rho.surface-impedance,  shape-attributes: solid,  
Priority-group:   3, shape 544: component1:solid4_11_6, material: Copper (annealed),  user-priority: 0,  2D/3D-geometry: true, material-attributes: pec.rho.surface-impedance,  shape-attributes: solid,  
Priority-group:   3, shape 545: component1:solid4_11_7, material: Copper (annealed),  user-priority: 0,  2D/3D-geometry: true, material-attributes: pec.rho.surface-impedance,  shape-attributes: solid,  
Priority-group:   3, shape 546: component1:solid4_11_8, material: Copper (annealed),  user-priority: 0,  2D/3D-geometry: true, material-attributes: pec.rho.surface-impedance,  shape-attributes: solid,  
Priority-group:   3, shape 547: component1:solid4_11_9, material: Copper (annealed),  user-priority: 0,  2D/3D-geometry: true, material-attributes: pec.rho.surface-impedance,  shape-attributes: solid,  
Priority-group:   3, shape 548: component1:solid4_12,   material: Copper (annealed),  user-priority: 0,  2D/3D-geometry: true, material-attributes: pec.rho.surface-impedance,  shape-attributes: solid,  
Priority-group:   3, shape 549: component1:solid4_12_1, material: Copper (annealed),  user-priority: 0,  2D/3D-geometry: true, material-attributes: pec.rho.surface-impedance,  shape-attributes: solid,  
Priority-group:   3, shape 550: component1:solid4_12_10,    material: Copper (annealed),  user-priority: 0,  2D/3D-geometry: true, material-attributes: pec.rho.surface-impedance,  shape-attributes: solid,  
Priority-group:   3, shape 551: component1:solid4_12_11,    material: Copper (annealed),  user-priority: 0,  2D/3D-geometry: true, material-attributes: pec.rho.surface-impedance,  shape-attributes: solid,  
Priority-group:   3, shape 552: component1:solid4_12_12,    material: Copper (annealed),  user-priority: 0,  2D/3D-geometry: true, material-attributes: pec.rho.surface-impedance,  shape-attributes: solid,  
Priority-group:   3, shape 553: component1:solid4_12_13,    material: Copper (annealed),  user-priority: 0,  2D/3D-geometry: true, material-attributes: pec.rho.surface-impedance,  shape-attributes: solid,  
Priority-group:   3, shape 554: component1:solid4_12_14,    material: Copper (annealed),  user-priority: 0,  2D/3D-geometry: true, material-attributes: pec.rho.surface-impedance,  shape-attributes: solid,  
Priority-group:   3, shape 555: component1:solid4_12_15,    material: Copper (annealed),  user-priority: 0,  2D/3D-geometry: true, material-attributes: pec.rho.surface-impedance,  shape-attributes: solid,  
Priority-group:   3, shape 556: component1:solid4_12_2, material: Copper (annealed),  user-priority: 0,  2D/3D-geometry: true, material-attributes: pec.rho.surface-impedance,  shape-attributes: solid,  
Priority-group:   3, shape 557: component1:solid4_12_3, material: Copper (annealed),  user-priority: 0,  2D/3D-geometry: true, material-attributes: pec.rho.surface-impedance,  shape-attributes: solid,  
Priority-group:   3, shape 558: component1:solid4_12_4, material: Copper (annealed),  user-priority: 0,  2D/3D-geometry: true, material-attributes: pec.rho.surface-impedance,  shape-attributes: solid,  
Priority-group:   3, shape 559: component1:solid4_12_5, material: Copper (annealed),  user-priority: 0,  2D/3D-geometry: true, material-attributes: pec.rho.surface-impedance,  shape-attributes: solid,  
Priority-group:   3, shape 560: component1:solid4_12_6, material: Copper (annealed),  user-priority: 0,  2D/3D-geometry: true, material-attributes: pec.rho.surface-impedance,  shape-attributes: solid,  
Priority-group:   3, shape 561: component1:solid4_12_7, material: Copper (annealed),  user-priority: 0,  2D/3D-geometry: true, material-attributes: pec.rho.surface-impedance,  shape-attributes: solid,  
Priority-group:   3, shape 562: component1:solid4_12_8, material: Copper (annealed),  user-priority: 0,  2D/3D-geometry: true, material-attributes: pec.rho.surface-impedance,  shape-attributes: solid,  
Priority-group:   3, shape 563: component1:solid4_12_9, material: Copper (annealed),  user-priority: 0,  2D/3D-geometry: true, material-attributes: pec.rho.surface-impedance,  shape-attributes: solid,  
Priority-group:   3, shape 564: component1:solid4_13,   material: Copper (annealed),  user-priority: 0,  2D/3D-geometry: true, material-attributes: pec.rho.surface-impedance,  shape-attributes: solid,  
Priority-group:   3, shape 565: component1:solid4_13_1, material: Copper (annealed),  user-priority: 0,  2D/3D-geometry: true, material-attributes: pec.rho.surface-impedance,  shape-attributes: solid,  
Priority-group:   3, shape 566: component1:solid4_13_10,    material: Copper (annealed),  user-priority: 0,  2D/3D-geometry: true, material-attributes: pec.rho.surface-impedance,  shape-attributes: solid,  
Priority-group:   3, shape 567: component1:solid4_13_11,    material: Copper (annealed),  user-priority: 0,  2D/3D-geometry: true, material-attributes: pec.rho.surface-impedance,  shape-attributes: solid,  
Priority-group:   3, shape 568: component1:solid4_13_12,    material: Copper (annealed),  user-priority: 0,  2D/3D-geometry: true, material-attributes: pec.rho.surface-impedance,  shape-attributes: solid,  
Priority-group:   3, shape 569: component1:solid4_13_13,    material: Copper (annealed),  user-priority: 0,  2D/3D-geometry: true, material-attributes: pec.rho.surface-impedance,  shape-attributes: solid,  
Priority-group:   3, shape 570: component1:solid4_13_14,    material: Copper (annealed),  user-priority: 0,  2D/3D-geometry: true, material-attributes: pec.rho.surface-impedance,  shape-attributes: solid,  
Priority-group:   3, shape 571: component1:solid4_13_15,    material: Copper (annealed),  user-priority: 0,  2D/3D-geometry: true, material-attributes: pec.rho.surface-impedance,  shape-attributes: solid,  
Priority-group:   3, shape 572: component1:solid4_13_2, material: Copper (annealed),  user-priority: 0,  2D/3D-geometry: true, material-attributes: pec.rho.surface-impedance,  shape-attributes: solid,  
Priority-group:   3, shape 573: component1:solid4_13_3, material: Copper (annealed),  user-priority: 0,  2D/3D-geometry: true, material-attributes: pec.rho.surface-impedance,  shape-attributes: solid,  
Priority-group:   3, shape 574: component1:solid4_13_4, material: Copper (annealed),  user-priority: 0,  2D/3D-geometry: true, material-attributes: pec.rho.surface-impedance,  shape-attributes: solid,  
Priority-group:   3, shape 575: component1:solid4_13_5, material: Copper (annealed),  user-priority: 0,  2D/3D-geometry: true, material-attributes: pec.rho.surface-impedance,  shape-attributes: solid,  
Priority-group:   3, shape 576: component1:solid4_13_6, material: Copper (annealed),  user-priority: 0,  2D/3D-geometry: true, material-attributes: pec.rho.surface-impedance,  shape-attributes: solid,  
Priority-group:   3, shape 577: component1:solid4_13_7, material: Copper (annealed),  user-priority: 0,  2D/3D-geometry: true, material-attributes: pec.rho.surface-impedance,  shape-attributes: solid,  
Priority-group:   3, shape 578: component1:solid4_13_8, material: Copper (annealed),  user-priority: 0,  2D/3D-geometry: true, material-attributes: pec.rho.surface-impedance,  shape-attributes: solid,  
Priority-group:   3, shape 579: component1:solid4_13_9, material: Copper (annealed),  user-priority: 0,  2D/3D-geometry: true, material-attributes: pec.rho.surface-impedance,  shape-attributes: solid,  
Priority-group:   3, shape 580: component1:solid4_14,   material: Copper (annealed),  user-priority: 0,  2D/3D-geometry: true, material-attributes: pec.rho.surface-impedance,  shape-attributes: solid,  
Priority-group:   3, shape 581: component1:solid4_14_1, material: Copper (annealed),  user-priority: 0,  2D/3D-geometry: true, material-attributes: pec.rho.surface-impedance,  shape-attributes: solid,  
Priority-group:   3, shape 582: component1:solid4_14_10,    material: Copper (annealed),  user-priority: 0,  2D/3D-geometry: true, material-attributes: pec.rho.surface-impedance,  shape-attributes: solid,  
Priority-group:   3, shape 583: component1:solid4_14_11,    material: Copper (annealed),  user-priority: 0,  2D/3D-geometry: true, material-attributes: pec.rho.surface-impedance,  shape-attributes: solid,  
Priority-group:   3, shape 584: component1:solid4_14_12,    material: Copper (annealed),  user-priority: 0,  2D/3D-geometry: true, material-attributes: pec.rho.surface-impedance,  shape-attributes: solid,  
Priority-group:   3, shape 585: component1:solid4_14_13,    material: Copper (annealed),  user-priority: 0,  2D/3D-geometry: true, material-attributes: pec.rho.surface-impedance,  shape-attributes: solid,  
Priority-group:   3, shape 586: component1:solid4_14_14,    material: Copper (annealed),  user-priority: 0,  2D/3D-geometry: true, material-attributes: pec.rho.surface-impedance,  shape-attributes: solid,  
Priority-group:   3, shape 587: component1:solid4_14_15,    material: Copper (annealed),  user-priority: 0,  2D/3D-geometry: true, material-attributes: pec.rho.surface-impedance,  shape-attributes: solid,  
Priority-group:   3, shape 588: component1:solid4_14_2, material: Copper (annealed),  user-priority: 0,  2D/3D-geometry: true, material-attributes: pec.rho.surface-impedance,  shape-attributes: solid,  
Priority-group:   3, shape 589: component1:solid4_14_3, material: Copper (annealed),  user-priority: 0,  2D/3D-geometry: true, material-attributes: pec.rho.surface-impedance,  shape-attributes: solid,  
Priority-group:   3, shape 590: component1:solid4_14_4, material: Copper (annealed),  user-priority: 0,  2D/3D-geometry: true, material-attributes: pec.rho.surface-impedance,  shape-attributes: solid,  
Priority-group:   3, shape 591: component1:solid4_14_5, material: Copper (annealed),  user-priority: 0,  2D/3D-geometry: true, material-attributes: pec.rho.surface-impedance,  shape-attributes: solid,  
Priority-group:   3, shape 592: component1:solid4_14_6, material: Copper (annealed),  user-priority: 0,  2D/3D-geometry: true, material-attributes: pec.rho.surface-impedance,  shape-attributes: solid,  
Priority-group:   3, shape 593: component1:solid4_14_7, material: Copper (annealed),  user-priority: 0,  2D/3D-geometry: true, material-attributes: pec.rho.surface-impedance,  shape-attributes: solid,  
Priority-group:   3, shape 594: component1:solid4_14_8, material: Copper (annealed),  user-priority: 0,  2D/3D-geometry: true, material-attributes: pec.rho.surface-impedance,  shape-attributes: solid,  
Priority-group:   3, shape 595: component1:solid4_14_9, material: Copper (annealed),  user-priority: 0,  2D/3D-geometry: true, material-attributes: pec.rho.surface-impedance,  shape-attributes: solid,  
Priority-group:   3, shape 596: component1:solid4_15,   material: Copper (annealed),  user-priority: 0,  2D/3D-geometry: true, material-attributes: pec.rho.surface-impedance,  shape-attributes: solid,  
Priority-group:   3, shape 597: component1:solid4_15_1, material: Copper (annealed),  user-priority: 0,  2D/3D-geometry: true, material-attributes: pec.rho.surface-impedance,  shape-attributes: solid,  
Priority-group:   3, shape 598: component1:solid4_15_10,    material: Copper (annealed),  user-priority: 0,  2D/3D-geometry: true, material-attributes: pec.rho.surface-impedance,  shape-attributes: solid,  
Priority-group:   3, shape 599: component1:solid4_15_11,    material: Copper (annealed),  user-priority: 0,  2D/3D-geometry: true, material-attributes: pec.rho.surface-impedance,  shape-attributes: solid,  
Priority-group:   3, shape 600: component1:solid4_15_12,    material: Copper (annealed),  user-priority: 0,  2D/3D-geometry: true, material-attributes: pec.rho.surface-impedance,  shape-attributes: solid,  
Priority-group:   3, shape 601: component1:solid4_15_13,    material: Copper (annealed),  user-priority: 0,  2D/3D-geometry: true, material-attributes: pec.rho.surface-impedance,  shape-attributes: solid,  
Priority-group:   3, shape 602: component1:solid4_15_14,    material: Copper (annealed),  user-priority: 0,  2D/3D-geometry: true, material-attributes: pec.rho.surface-impedance,  shape-attributes: solid,  
Priority-group:   3, shape 603: component1:solid4_15_15,    material: Copper (annealed),  user-priority: 0,  2D/3D-geometry: true, material-attributes: pec.rho.surface-impedance,  shape-attributes: solid,  
Priority-group:   3, shape 604: component1:solid4_15_2, material: Copper (annealed),  user-priority: 0,  2D/3D-geometry: true, material-attributes: pec.rho.surface-impedance,  shape-attributes: solid,  
Priority-group:   3, shape 605: component1:solid4_15_3, material: Copper (annealed),  user-priority: 0,  2D/3D-geometry: true, material-attributes: pec.rho.surface-impedance,  shape-attributes: solid,  
Priority-group:   3, shape 606: component1:solid4_15_4, material: Copper (annealed),  user-priority: 0,  2D/3D-geometry: true, material-attributes: pec.rho.surface-impedance,  shape-attributes: solid,  
Priority-group:   3, shape 607: component1:solid4_15_5, material: Copper (annealed),  user-priority: 0,  2D/3D-geometry: true, material-attributes: pec.rho.surface-impedance,  shape-attributes: solid,  
Priority-group:   3, shape 608: component1:solid4_15_6, material: Copper (annealed),  user-priority: 0,  2D/3D-geometry: true, material-attributes: pec.rho.surface-impedance,  shape-attributes: solid,  
Priority-group:   3, shape 609: component1:solid4_15_7, material: Copper (annealed),  user-priority: 0,  2D/3D-geometry: true, material-attributes: pec.rho.surface-impedance,  shape-attributes: solid,  
Priority-group:   3, shape 610: component1:solid4_15_8, material: Copper (annealed),  user-priority: 0,  2D/3D-geometry: true, material-attributes: pec.rho.surface-impedance,  shape-attributes: solid,  
Priority-group:   3, shape 611: component1:solid4_15_9, material: Copper (annealed),  user-priority: 0,  2D/3D-geometry: true, material-attributes: pec.rho.surface-impedance,  shape-attributes: solid,  
Priority-group:   3, shape 612: component1:solid4_16,   material: Copper (annealed),  user-priority: 0,  2D/3D-geometry: true, material-attributes: pec.rho.surface-impedance,  shape-attributes: solid,  
Priority-group:   3, shape 613: component1:solid4_17,   material: Copper (annealed),  user-priority: 0,  2D/3D-geometry: true, material-attributes: pec.rho.surface-impedance,  shape-attributes: solid,  
Priority-group:   3, shape 614: component1:solid4_18,   material: Copper (annealed),  user-priority: 0,  2D/3D-geometry: true, material-attributes: pec.rho.surface-impedance,  shape-attributes: solid,  
Priority-group:   3, shape 615: component1:solid4_19,   material: Copper (annealed),  user-priority: 0,  2D/3D-geometry: true, material-attributes: pec.rho.surface-impedance,  shape-attributes: solid,  
Priority-group:   3, shape 616: component1:solid4_1_1,  material: Copper (annealed),  user-priority: 0,  2D/3D-geometry: true, material-attributes: pec.rho.surface-impedance,  shape-attributes: solid,  
Priority-group:   3, shape 617: component1:solid4_1_10, material: Copper (annealed),  user-priority: 0,  2D/3D-geometry: true, material-attributes: pec.rho.surface-impedance,  shape-attributes: solid,  
Priority-group:   3, shape 618: component1:solid4_1_11, material: Copper (annealed),  user-priority: 0,  2D/3D-geometry: true, material-attributes: pec.rho.surface-impedance,  shape-attributes: solid,  
Priority-group:   3, shape 619: component1:solid4_1_12, material: Copper (annealed),  user-priority: 0,  2D/3D-geometry: true, material-attributes: pec.rho.surface-impedance,  shape-attributes: solid,  
Priority-group:   3, shape 620: component1:solid4_1_13, material: Copper (annealed),  user-priority: 0,  2D/3D-geometry: true, material-attributes: pec.rho.surface-impedance,  shape-attributes: solid,  
Priority-group:   3, shape 621: component1:solid4_1_14, material: Copper (annealed),  user-priority: 0,  2D/3D-geometry: true, material-attributes: pec.rho.surface-impedance,  shape-attributes: solid,  
Priority-group:   3, shape 622: component1:solid4_1_15, material: Copper (annealed),  user-priority: 0,  2D/3D-geometry: true, material-attributes: pec.rho.surface-impedance,  shape-attributes: solid,  
Priority-group:   3, shape 623: component1:solid4_1_2,  material: Copper (annealed),  user-priority: 0,  2D/3D-geometry: true, material-attributes: pec.rho.surface-impedance,  shape-attributes: solid,  
Priority-group:   3, shape 624: component1:solid4_1_3,  material: Copper (annealed),  user-priority: 0,  2D/3D-geometry: true, material-attributes: pec.rho.surface-impedance,  shape-attributes: solid,  
Priority-group:   3, shape 625: component1:solid4_1_4,  material: Copper (annealed),  user-priority: 0,  2D/3D-geometry: true, material-attributes: pec.rho.surface-impedance,  shape-attributes: solid,  
Priority-group:   3, shape 626: component1:solid4_1_5,  material: Copper (annealed),  user-priority: 0,  2D/3D-geometry: true, material-attributes: pec.rho.surface-impedance,  shape-attributes: solid,  
Priority-group:   3, shape 627: component1:solid4_1_6,  material: Copper (annealed),  user-priority: 0,  2D/3D-geometry: true, material-attributes: pec.rho.surface-impedance,  shape-attributes: solid,  
Priority-group:   3, shape 628: component1:solid4_1_7,  material: Copper (annealed),  user-priority: 0,  2D/3D-geometry: true, material-attributes: pec.rho.surface-impedance,  shape-attributes: solid,  
Priority-group:   3, shape 629: component1:solid4_1_8,  material: Copper (annealed),  user-priority: 0,  2D/3D-geometry: true, material-attributes: pec.rho.surface-impedance,  shape-attributes: solid,  
Priority-group:   3, shape 630: component1:solid4_1_9,  material: Copper (annealed),  user-priority: 0,  2D/3D-geometry: true, material-attributes: pec.rho.surface-impedance,  shape-attributes: solid,  
Priority-group:   3, shape 631: component1:solid4_2,    material: Copper (annealed),  user-priority: 0,  2D/3D-geometry: true, material-attributes: pec.rho.surface-impedance,  shape-attributes: solid,  
Priority-group:   3, shape 632: component1:solid4_20,   material: Copper (annealed),  user-priority: 0,  2D/3D-geometry: true, material-attributes: pec.rho.surface-impedance,  shape-attributes: solid,  
Priority-group:   3, shape 633: component1:solid4_21,   material: Copper (annealed),  user-priority: 0,  2D/3D-geometry: true, material-attributes: pec.rho.surface-impedance,  shape-attributes: solid,  
Priority-group:   3, shape 634: component1:solid4_22,   material: Copper (annealed),  user-priority: 0,  2D/3D-geometry: true, material-attributes: pec.rho.surface-impedance,  shape-attributes: solid,  
Priority-group:   3, shape 635: component1:solid4_23,   material: Copper (annealed),  user-priority: 0,  2D/3D-geometry: true, material-attributes: pec.rho.surface-impedance,  shape-attributes: solid,  
Priority-group:   3, shape 636: component1:solid4_24,   material: Copper (annealed),  user-priority: 0,  2D/3D-geometry: true, material-attributes: pec.rho.surface-impedance,  shape-attributes: solid,  
Priority-group:   3, shape 637: component1:solid4_25,   material: Copper (annealed),  user-priority: 0,  2D/3D-geometry: true, material-attributes: pec.rho.surface-impedance,  shape-attributes: solid,  
Priority-group:   3, shape 638: component1:solid4_26,   material: Copper (annealed),  user-priority: 0,  2D/3D-geometry: true, material-attributes: pec.rho.surface-impedance,  shape-attributes: solid,  
Priority-group:   3, shape 639: component1:solid4_27,   material: Copper (annealed),  user-priority: 0,  2D/3D-geometry: true, material-attributes: pec.rho.surface-impedance,  shape-attributes: solid,  
Priority-group:   3, shape 640: component1:solid4_28,   material: Copper (annealed),  user-priority: 0,  2D/3D-geometry: true, material-attributes: pec.rho.surface-impedance,  shape-attributes: solid,  
Priority-group:   3, shape 641: component1:solid4_29,   material: Copper (annealed),  user-priority: 0,  2D/3D-geometry: true, material-attributes: pec.rho.surface-impedance,  shape-attributes: solid,  
Priority-group:   3, shape 642: component1:solid4_2_1,  material: Copper (annealed),  user-priority: 0,  2D/3D-geometry: true, material-attributes: pec.rho.surface-impedance,  shape-attributes: solid,  
Priority-group:   3, shape 643: component1:solid4_2_10, material: Copper (annealed),  user-priority: 0,  2D/3D-geometry: true, material-attributes: pec.rho.surface-impedance,  shape-attributes: solid,  
Priority-group:   3, shape 644: component1:solid4_2_11, material: Copper (annealed),  user-priority: 0,  2D/3D-geometry: true, material-attributes: pec.rho.surface-impedance,  shape-attributes: solid,  
Priority-group:   3, shape 645: component1:solid4_2_12, material: Copper (annealed),  user-priority: 0,  2D/3D-geometry: true, material-attributes: pec.rho.surface-impedance,  shape-attributes: solid,  
Priority-group:   3, shape 646: component1:solid4_2_13, material: Copper (annealed),  user-priority: 0,  2D/3D-geometry: true, material-attributes: pec.rho.surface-impedance,  shape-attributes: solid,  
Priority-group:   3, shape 647: component1:solid4_2_14, material: Copper (annealed),  user-priority: 0,  2D/3D-geometry: true, material-attributes: pec.rho.surface-impedance,  shape-attributes: solid,  
Priority-group:   3, shape 648: component1:solid4_2_15, material: Copper (annealed),  user-priority: 0,  2D/3D-geometry: true, material-attributes: pec.rho.surface-impedance,  shape-attributes: solid,  
Priority-group:   3, shape 649: component1:solid4_2_2,  material: Copper (annealed),  user-priority: 0,  2D/3D-geometry: true, material-attributes: pec.rho.surface-impedance,  shape-attributes: solid,  
Priority-group:   3, shape 650: component1:solid4_2_3,  material: Copper (annealed),  user-priority: 0,  2D/3D-geometry: true, material-attributes: pec.rho.surface-impedance,  shape-attributes: solid,  
Priority-group:   3, shape 651: component1:solid4_2_4,  material: Copper (annealed),  user-priority: 0,  2D/3D-geometry: true, material-attributes: pec.rho.surface-impedance,  shape-attributes: solid,  
Priority-group:   3, shape 652: component1:solid4_2_5,  material: Copper (annealed),  user-priority: 0,  2D/3D-geometry: true, material-attributes: pec.rho.surface-impedance,  shape-attributes: solid,  
Priority-group:   3, shape 653: component1:solid4_2_6,  material: Copper (annealed),  user-priority: 0,  2D/3D-geometry: true, material-attributes: pec.rho.surface-impedance,  shape-attributes: solid,  
Priority-group:   3, shape 654: component1:solid4_2_7,  material: Copper (annealed),  user-priority: 0,  2D/3D-geometry: true, material-attributes: pec.rho.surface-impedance,  shape-attributes: solid,  
Priority-group:   3, shape 655: component1:solid4_2_8,  material: Copper (annealed),  user-priority: 0,  2D/3D-geometry: true, material-attributes: pec.rho.surface-impedance,  shape-attributes: solid,  
Priority-group:   3, shape 656: component1:solid4_2_9,  material: Copper (annealed),  user-priority: 0,  2D/3D-geometry: true, material-attributes: pec.rho.surface-impedance,  shape-attributes: solid,  
Priority-group:   3, shape 657: component1:solid4_3,    material: Copper (annealed),  user-priority: 0,  2D/3D-geometry: true, material-attributes: pec.rho.surface-impedance,  shape-attributes: solid,  
Priority-group:   3, shape 658: component1:solid4_30,   material: Copper (annealed),  user-priority: 0,  2D/3D-geometry: true, material-attributes: pec.rho.surface-impedance,  shape-attributes: solid,  
Priority-group:   3, shape 659: component1:solid4_3_1,  material: Copper (annealed),  user-priority: 0,  2D/3D-geometry: true, material-attributes: pec.rho.surface-impedance,  shape-attributes: solid,  
Priority-group:   3, shape 660: component1:solid4_3_10, material: Copper (annealed),  user-priority: 0,  2D/3D-geometry: true, material-attributes: pec.rho.surface-impedance,  shape-attributes: solid,  
Priority-group:   3, shape 661: component1:solid4_3_11, material: Copper (annealed),  user-priority: 0,  2D/3D-geometry: true, material-attributes: pec.rho.surface-impedance,  shape-attributes: solid,  
Priority-group:   3, shape 662: component1:solid4_3_12, material: Copper (annealed),  user-priority: 0,  2D/3D-geometry: true, material-attributes: pec.rho.surface-impedance,  shape-attributes: solid,  
Priority-group:   3, shape 663: component1:solid4_3_13, material: Copper (annealed),  user-priority: 0,  2D/3D-geometry: true, material-attributes: pec.rho.surface-impedance,  shape-attributes: solid,  
Priority-group:   3, shape 664: component1:solid4_3_14, material: Copper (annealed),  user-priority: 0,  2D/3D-geometry: true, material-attributes: pec.rho.surface-impedance,  shape-attributes: solid,  
Priority-group:   3, shape 665: component1:solid4_3_15, material: Copper (annealed),  user-priority: 0,  2D/3D-geometry: true, material-attributes: pec.rho.surface-impedance,  shape-attributes: solid,  
Priority-group:   3, shape 666: component1:solid4_3_2,  material: Copper (annealed),  user-priority: 0,  2D/3D-geometry: true, material-attributes: pec.rho.surface-impedance,  shape-attributes: solid,  
Priority-group:   3, shape 667: component1:solid4_3_3,  material: Copper (annealed),  user-priority: 0,  2D/3D-geometry: true, material-attributes: pec.rho.surface-impedance,  shape-attributes: solid,  
Priority-group:   3, shape 668: component1:solid4_3_4,  material: Copper (annealed),  user-priority: 0,  2D/3D-geometry: true, material-attributes: pec.rho.surface-impedance,  shape-attributes: solid,  
Priority-group:   3, shape 669: component1:solid4_3_5,  material: Copper (annealed),  user-priority: 0,  2D/3D-geometry: true, material-attributes: pec.rho.surface-impedance,  shape-attributes: solid,  
Priority-group:   3, shape 670: component1:solid4_3_6,  material: Copper (annealed),  user-priority: 0,  2D/3D-geometry: true, material-attributes: pec.rho.surface-impedance,  shape-attributes: solid,  
Priority-group:   3, shape 671: component1:solid4_3_7,  material: Copper (annealed),  user-priority: 0,  2D/3D-geometry: true, material-attributes: pec.rho.surface-impedance,  shape-attributes: solid,  
Priority-group:   3, shape 672: component1:solid4_3_8,  material: Copper (annealed),  user-priority: 0,  2D/3D-geometry: true, material-attributes: pec.rho.surface-impedance,  shape-attributes: solid,  
Priority-group:   3, shape 673: component1:solid4_3_9,  material: Copper (annealed),  user-priority: 0,  2D/3D-geometry: true, material-attributes: pec.rho.surface-impedance,  shape-attributes: solid,  
Priority-group:   3, shape 674: component1:solid4_4,    material: Copper (annealed),  user-priority: 0,  2D/3D-geometry: true, material-attributes: pec.rho.surface-impedance,  shape-attributes: solid,  
Priority-group:   3, shape 675: component1:solid4_4_1,  material: Copper (annealed),  user-priority: 0,  2D/3D-geometry: true, material-attributes: pec.rho.surface-impedance,  shape-attributes: solid,  
Priority-group:   3, shape 676: component1:solid4_4_10, material: Copper (annealed),  user-priority: 0,  2D/3D-geometry: true, material-attributes: pec.rho.surface-impedance,  shape-attributes: solid,  
Priority-group:   3, shape 677: component1:solid4_4_11, material: Copper (annealed),  user-priority: 0,  2D/3D-geometry: true, material-attributes: pec.rho.surface-impedance,  shape-attributes: solid,  
Priority-group:   3, shape 678: component1:solid4_4_12, material: Copper (annealed),  user-priority: 0,  2D/3D-geometry: true, material-attributes: pec.rho.surface-impedance,  shape-attributes: solid,  
Priority-group:   3, shape 679: component1:solid4_4_13, material: Copper (annealed),  user-priority: 0,  2D/3D-geometry: true, material-attributes: pec.rho.surface-impedance,  shape-attributes: solid,  
Priority-group:   3, shape 680: component1:solid4_4_14, material: Copper (annealed),  user-priority: 0,  2D/3D-geometry: true, material-attributes: pec.rho.surface-impedance,  shape-attributes: solid,  
Priority-group:   3, shape 681: component1:solid4_4_15, material: Copper (annealed),  user-priority: 0,  2D/3D-geometry: true, material-attributes: pec.rho.surface-impedance,  shape-attributes: solid,  
Priority-group:   3, shape 682: component1:solid4_4_2,  material: Copper (annealed),  user-priority: 0,  2D/3D-geometry: true, material-attributes: pec.rho.surface-impedance,  shape-attributes: solid,  
Priority-group:   3, shape 683: component1:solid4_4_3,  material: Copper (annealed),  user-priority: 0,  2D/3D-geometry: true, material-attributes: pec.rho.surface-impedance,  shape-attributes: solid,  
Priority-group:   3, shape 684: component1:solid4_4_4,  material: Copper (annealed),  user-priority: 0,  2D/3D-geometry: true, material-attributes: pec.rho.surface-impedance,  shape-attributes: solid,  
Priority-group:   3, shape 685: component1:solid4_4_5,  material: Copper (annealed),  user-priority: 0,  2D/3D-geometry: true, material-attributes: pec.rho.surface-impedance,  shape-attributes: solid,  
Priority-group:   3, shape 686: component1:solid4_4_6,  material: Copper (annealed),  user-priority: 0,  2D/3D-geometry: true, material-attributes: pec.rho.surface-impedance,  shape-attributes: solid,  
Priority-group:   3, shape 687: component1:solid4_4_7,  material: Copper (annealed),  user-priority: 0,  2D/3D-geometry: true, material-attributes: pec.rho.surface-impedance,  shape-attributes: solid,  
Priority-group:   3, shape 688: component1:solid4_4_8,  material: Copper (annealed),  user-priority: 0,  2D/3D-geometry: true, material-attributes: pec.rho.surface-impedance,  shape-attributes: solid,  
Priority-group:   3, shape 689: component1:solid4_4_9,  material: Copper (annealed),  user-priority: 0,  2D/3D-geometry: true, material-attributes: pec.rho.surface-impedance,  shape-attributes: solid,  
Priority-group:   3, shape 690: component1:solid4_5,    material: Copper (annealed),  user-priority: 0,  2D/3D-geometry: true, material-attributes: pec.rho.surface-impedance,  shape-attributes: solid,  
Priority-group:   3, shape 691: component1:solid4_5_1,  material: Copper (annealed),  user-priority: 0,  2D/3D-geometry: true, material-attributes: pec.rho.surface-impedance,  shape-attributes: solid,  
Priority-group:   3, shape 692: component1:solid4_5_10, material: Copper (annealed),  user-priority: 0,  2D/3D-geometry: true, material-attributes: pec.rho.surface-impedance,  shape-attributes: solid,  
Priority-group:   3, shape 693: component1:solid4_5_11, material: Copper (annealed),  user-priority: 0,  2D/3D-geometry: true, material-attributes: pec.rho.surface-impedance,  shape-attributes: solid,  
Priority-group:   3, shape 694: component1:solid4_5_12, material: Copper (annealed),  user-priority: 0,  2D/3D-geometry: true, material-attributes: pec.rho.surface-impedance,  shape-attributes: solid,  
Priority-group:   3, shape 695: component1:solid4_5_13, material: Copper (annealed),  user-priority: 0,  2D/3D-geometry: true, material-attributes: pec.rho.surface-impedance,  shape-attributes: solid,  
Priority-group:   3, shape 696: component1:solid4_5_14, material: Copper (annealed),  user-priority: 0,  2D/3D-geometry: true, material-attributes: pec.rho.surface-impedance,  shape-attributes: solid,  
Priority-group:   3, shape 697: component1:solid4_5_15, material: Copper (annealed),  user-priority: 0,  2D/3D-geometry: true, material-attributes: pec.rho.surface-impedance,  shape-attributes: solid,  
Priority-group:   3, shape 698: component1:solid4_5_2,  material: Copper (annealed),  user-priority: 0,  2D/3D-geometry: true, material-attributes: pec.rho.surface-impedance,  shape-attributes: solid,  
Priority-group:   3, shape 699: component1:solid4_5_3,  material: Copper (annealed),  user-priority: 0,  2D/3D-geometry: true, material-attributes: pec.rho.surface-impedance,  shape-attributes: solid,  
Priority-group:   3, shape 700: component1:solid4_5_4,  material: Copper (annealed),  user-priority: 0,  2D/3D-geometry: true, material-attributes: pec.rho.surface-impedance,  shape-attributes: solid,  
Priority-group:   3, shape 701: component1:solid4_5_5,  material: Copper (annealed),  user-priority: 0,  2D/3D-geometry: true, material-attributes: pec.rho.surface-impedance,  shape-attributes: solid,  
Priority-group:   3, shape 702: component1:solid4_5_6,  material: Copper (annealed),  user-priority: 0,  2D/3D-geometry: true, material-attributes: pec.rho.surface-impedance,  shape-attributes: solid,  
Priority-group:   3, shape 703: component1:solid4_5_7,  material: Copper (annealed),  user-priority: 0,  2D/3D-geometry: true, material-attributes: pec.rho.surface-impedance,  shape-attributes: solid,  
Priority-group:   3, shape 704: component1:solid4_5_8,  material: Copper (annealed),  user-priority: 0,  2D/3D-geometry: true, material-attributes: pec.rho.surface-impedance,  shape-attributes: solid,  
Priority-group:   3, shape 705: component1:solid4_5_9,  material: Copper (annealed),  user-priority: 0,  2D/3D-geometry: true, material-attributes: pec.rho.surface-impedance,  shape-attributes: solid,  
Priority-group:   3, shape 706: component1:solid4_6,    material: Copper (annealed),  user-priority: 0,  2D/3D-geometry: true, material-attributes: pec.rho.surface-impedance,  shape-attributes: solid,  
Priority-group:   3, shape 707: component1:solid4_6_1,  material: Copper (annealed),  user-priority: 0,  2D/3D-geometry: true, material-attributes: pec.rho.surface-impedance,  shape-attributes: solid,  
Priority-group:   3, shape 708: component1:solid4_6_10, material: Copper (annealed),  user-priority: 0,  2D/3D-geometry: true, material-attributes: pec.rho.surface-impedance,  shape-attributes: solid,  
Priority-group:   3, shape 709: component1:solid4_6_11, material: Copper (annealed),  user-priority: 0,  2D/3D-geometry: true, material-attributes: pec.rho.surface-impedance,  shape-attributes: solid,  
Priority-group:   3, shape 710: component1:solid4_6_12, material: Copper (annealed),  user-priority: 0,  2D/3D-geometry: true, material-attributes: pec.rho.surface-impedance,  shape-attributes: solid,  
Priority-group:   3, shape 711: component1:solid4_6_13, material: Copper (annealed),  user-priority: 0,  2D/3D-geometry: true, material-attributes: pec.rho.surface-impedance,  shape-attributes: solid,  
Priority-group:   3, shape 712: component1:solid4_6_14, material: Copper (annealed),  user-priority: 0,  2D/3D-geometry: true, material-attributes: pec.rho.surface-impedance,  shape-attributes: solid,  
Priority-group:   3, shape 713: component1:solid4_6_15, material: Copper (annealed),  user-priority: 0,  2D/3D-geometry: true, material-attributes: pec.rho.surface-impedance,  shape-attributes: solid,  
Priority-group:   3, shape 714: component1:solid4_6_2,  material: Copper (annealed),  user-priority: 0,  2D/3D-geometry: true, material-attributes: pec.rho.surface-impedance,  shape-attributes: solid,  
Priority-group:   3, shape 715: component1:solid4_6_3,  material: Copper (annealed),  user-priority: 0,  2D/3D-geometry: true, material-attributes: pec.rho.surface-impedance,  shape-attributes: solid,  
Priority-group:   3, shape 716: component1:solid4_6_4,  material: Copper (annealed),  user-priority: 0,  2D/3D-geometry: true, material-attributes: pec.rho.surface-impedance,  shape-attributes: solid,  
Priority-group:   3, shape 717: component1:solid4_6_5,  material: Copper (annealed),  user-priority: 0,  2D/3D-geometry: true, material-attributes: pec.rho.surface-impedance,  shape-attributes: solid,  
Priority-group:   3, shape 718: component1:solid4_6_6,  material: Copper (annealed),  user-priority: 0,  2D/3D-geometry: true, material-attributes: pec.rho.surface-impedance,  shape-attributes: solid,  
Priority-group:   3, shape 719: component1:solid4_6_7,  material: Copper (annealed),  user-priority: 0,  2D/3D-geometry: true, material-attributes: pec.rho.surface-impedance,  shape-attributes: solid,  
Priority-group:   3, shape 720: component1:solid4_6_8,  material: Copper (annealed),  user-priority: 0,  2D/3D-geometry: true, material-attributes: pec.rho.surface-impedance,  shape-attributes: solid,  
Priority-group:   3, shape 721: component1:solid4_6_9,  material: Copper (annealed),  user-priority: 0,  2D/3D-geometry: true, material-attributes: pec.rho.surface-impedance,  shape-attributes: solid,  
Priority-group:   3, shape 722: component1:solid4_7,    material: Copper (annealed),  user-priority: 0,  2D/3D-geometry: true, material-attributes: pec.rho.surface-impedance,  shape-attributes: solid,  
Priority-group:   3, shape 723: component1:solid4_7_1,  material: Copper (annealed),  user-priority: 0,  2D/3D-geometry: true, material-attributes: pec.rho.surface-impedance,  shape-attributes: solid,  
Priority-group:   3, shape 724: component1:solid4_7_10, material: Copper (annealed),  user-priority: 0,  2D/3D-geometry: true, material-attributes: pec.rho.surface-impedance,  shape-attributes: solid,  
Priority-group:   3, shape 725: component1:solid4_7_11, material: Copper (annealed),  user-priority: 0,  2D/3D-geometry: true, material-attributes: pec.rho.surface-impedance,  shape-attributes: solid,  
Priority-group:   3, shape 726: component1:solid4_7_12, material: Copper (annealed),  user-priority: 0,  2D/3D-geometry: true, material-attributes: pec.rho.surface-impedance,  shape-attributes: solid,  
Priority-group:   3, shape 727: component1:solid4_7_13, material: Copper (annealed),  user-priority: 0,  2D/3D-geometry: true, material-attributes: pec.rho.surface-impedance,  shape-attributes: solid,  
Priority-group:   3, shape 728: component1:solid4_7_14, material: Copper (annealed),  user-priority: 0,  2D/3D-geometry: true, material-attributes: pec.rho.surface-impedance,  shape-attributes: solid,  
Priority-group:   3, shape 729: component1:solid4_7_15, material: Copper (annealed),  user-priority: 0,  2D/3D-geometry: true, material-attributes: pec.rho.surface-impedance,  shape-attributes: solid,  
Priority-group:   3, shape 730: component1:solid4_7_2,  material: Copper (annealed),  user-priority: 0,  2D/3D-geometry: true, material-attributes: pec.rho.surface-impedance,  shape-attributes: solid,  
Priority-group:   3, shape 731: component1:solid4_7_3,  material: Copper (annealed),  user-priority: 0,  2D/3D-geometry: true, material-attributes: pec.rho.surface-impedance,  shape-attributes: solid,  
Priority-group:   3, shape 732: component1:solid4_7_4,  material: Copper (annealed),  user-priority: 0,  2D/3D-geometry: true, material-attributes: pec.rho.surface-impedance,  shape-attributes: solid,  
Priority-group:   3, shape 733: component1:solid4_7_5,  material: Copper (annealed),  user-priority: 0,  2D/3D-geometry: true, material-attributes: pec.rho.surface-impedance,  shape-attributes: solid,  
Priority-group:   3, shape 734: component1:solid4_7_6,  material: Copper (annealed),  user-priority: 0,  2D/3D-geometry: true, material-attributes: pec.rho.surface-impedance,  shape-attributes: solid,  
Priority-group:   3, shape 735: component1:solid4_7_7,  material: Copper (annealed),  user-priority: 0,  2D/3D-geometry: true, material-attributes: pec.rho.surface-impedance,  shape-attributes: solid,  
Priority-group:   3, shape 736: component1:solid4_7_8,  material: Copper (annealed),  user-priority: 0,  2D/3D-geometry: true, material-attributes: pec.rho.surface-impedance,  shape-attributes: solid,  
Priority-group:   3, shape 737: component1:solid4_7_9,  material: Copper (annealed),  user-priority: 0,  2D/3D-geometry: true, material-attributes: pec.rho.surface-impedance,  shape-attributes: solid,  
Priority-group:   3, shape 738: component1:solid4_8,    material: Copper (annealed),  user-priority: 0,  2D/3D-geometry: true, material-attributes: pec.rho.surface-impedance,  shape-attributes: solid,  
Priority-group:   3, shape 739: component1:solid4_8_1,  material: Copper (annealed),  user-priority: 0,  2D/3D-geometry: true, material-attributes: pec.rho.surface-impedance,  shape-attributes: solid,  
Priority-group:   3, shape 740: component1:solid4_8_10, material: Copper (annealed),  user-priority: 0,  2D/3D-geometry: true, material-attributes: pec.rho.surface-impedance,  shape-attributes: solid,  
Priority-group:   3, shape 741: component1:solid4_8_11, material: Copper (annealed),  user-priority: 0,  2D/3D-geometry: true, material-attributes: pec.rho.surface-impedance,  shape-attributes: solid,  
Priority-group:   3, shape 742: component1:solid4_8_12, material: Copper (annealed),  user-priority: 0,  2D/3D-geometry: true, material-attributes: pec.rho.surface-impedance,  shape-attributes: solid,  
Priority-group:   3, shape 743: component1:solid4_8_13, material: Copper (annealed),  user-priority: 0,  2D/3D-geometry: true, material-attributes: pec.rho.surface-impedance,  shape-attributes: solid,  
Priority-group:   3, shape 744: component1:solid4_8_14, material: Copper (annealed),  user-priority: 0,  2D/3D-geometry: true, material-attributes: pec.rho.surface-impedance,  shape-attributes: solid,  
Priority-group:   3, shape 745: component1:solid4_8_15, material: Copper (annealed),  user-priority: 0,  2D/3D-geometry: true, material-attributes: pec.rho.surface-impedance,  shape-attributes: solid,  
Priority-group:   3, shape 746: component1:solid4_8_2,  material: Copper (annealed),  user-priority: 0,  2D/3D-geometry: true, material-attributes: pec.rho.surface-impedance,  shape-attributes: solid,  
Priority-group:   3, shape 747: component1:solid4_8_3,  material: Copper (annealed),  user-priority: 0,  2D/3D-geometry: true, material-attributes: pec.rho.surface-impedance,  shape-attributes: solid,  
Priority-group:   3, shape 748: component1:solid4_8_4,  material: Copper (annealed),  user-priority: 0,  2D/3D-geometry: true, material-attributes: pec.rho.surface-impedance,  shape-attributes: solid,  
Priority-group:   3, shape 749: component1:solid4_8_5,  material: Copper (annealed),  user-priority: 0,  2D/3D-geometry: true, material-attributes: pec.rho.surface-impedance,  shape-attributes: solid,  
Priority-group:   3, shape 750: component1:solid4_8_6,  material: Copper (annealed),  user-priority: 0,  2D/3D-geometry: true, material-attributes: pec.rho.surface-impedance,  shape-attributes: solid,  
Priority-group:   3, shape 751: component1:solid4_8_7,  material: Copper (annealed),  user-priority: 0,  2D/3D-geometry: true, material-attributes: pec.rho.surface-impedance,  shape-attributes: solid,  
Priority-group:   3, shape 752: component1:solid4_8_8,  material: Copper (annealed),  user-priority: 0,  2D/3D-geometry: true, material-attributes: pec.rho.surface-impedance,  shape-attributes: solid,  
Priority-group:   3, shape 753: component1:solid4_8_9,  material: Copper (annealed),  user-priority: 0,  2D/3D-geometry: true, material-attributes: pec.rho.surface-impedance,  shape-attributes: solid,  
Priority-group:   3, shape 754: component1:solid4_9,    material: Copper (annealed),  user-priority: 0,  2D/3D-geometry: true, material-attributes: pec.rho.surface-impedance,  shape-attributes: solid,  
Priority-group:   3, shape 755: component1:solid4_9_1,  material: Copper (annealed),  user-priority: 0,  2D/3D-geometry: true, material-attributes: pec.rho.surface-impedance,  shape-attributes: solid,  
Priority-group:   3, shape 756: component1:solid4_9_10, material: Copper (annealed),  user-priority: 0,  2D/3D-geometry: true, material-attributes: pec.rho.surface-impedance,  shape-attributes: solid,  
Priority-group:   3, shape 757: component1:solid4_9_11, material: Copper (annealed),  user-priority: 0,  2D/3D-geometry: true, material-attributes: pec.rho.surface-impedance,  shape-attributes: solid,  
Priority-group:   3, shape 758: component1:solid4_9_12, material: Copper (annealed),  user-priority: 0,  2D/3D-geometry: true, material-attributes: pec.rho.surface-impedance,  shape-attributes: solid,  
Priority-group:   3, shape 759: component1:solid4_9_13, material: Copper (annealed),  user-priority: 0,  2D/3D-geometry: true, material-attributes: pec.rho.surface-impedance,  shape-attributes: solid,  
Priority-group:   3, shape 760: component1:solid4_9_14, material: Copper (annealed),  user-priority: 0,  2D/3D-geometry: true, material-attributes: pec.rho.surface-impedance,  shape-attributes: solid,  
Priority-group:   3, shape 761: component1:solid4_9_15, material: Copper (annealed),  user-priority: 0,  2D/3D-geometry: true, material-attributes: pec.rho.surface-impedance,  shape-attributes: solid,  
Priority-group:   3, shape 762: component1:solid4_9_2,  material: Copper (annealed),  user-priority: 0,  2D/3D-geometry: true, material-attributes: pec.rho.surface-impedance,  shape-attributes: solid,  
Priority-group:   3, shape 763: component1:solid4_9_3,  material: Copper (annealed),  user-priority: 0,  2D/3D-geometry: true, material-attributes: pec.rho.surface-impedance,  shape-attributes: solid,  
Priority-group:   3, shape 764: component1:solid4_9_4,  material: Copper (annealed),  user-priority: 0,  2D/3D-geometry: true, material-attributes: pec.rho.surface-impedance,  shape-attributes: solid,  
Priority-group:   3, shape 765: component1:solid4_9_5,  material: Copper (annealed),  user-priority: 0,  2D/3D-geometry: true, material-attributes: pec.rho.surface-impedance,  shape-attributes: solid,  
Priority-group:   3, shape 766: component1:solid4_9_6,  material: Copper (annealed),  user-priority: 0,  2D/3D-geometry: true, material-attributes: pec.rho.surface-impedance,  shape-attributes: solid,  
Priority-group:   3, shape 767: component1:solid4_9_7,  material: Copper (annealed),  user-priority: 0,  2D/3D-geometry: true, material-attributes: pec.rho.surface-impedance,  shape-attributes: solid,  
Priority-group:   3, shape 768: component1:solid4_9_8,  material: Copper (annealed),  user-priority: 0,  2D/3D-geometry: true, material-attributes: pec.rho.surface-impedance,  shape-attributes: solid,  
Priority-group:   3, shape 769: component1:solid4_9_9,  material: Copper (annealed),  user-priority: 0,  2D/3D-geometry: true, material-attributes: pec.rho.surface-impedance,  shape-attributes: solid,  
 
==========================================================================================================================================================================================================================
 
